-- phpMyAdmin SQL Dump
-- version 5.2.1
-- https://www.phpmyadmin.net/
--
-- Host: 127.0.0.1
-- Generation Time: Jul 05, 2026 at 04:37 PM
-- Server version: 10.4.32-MariaDB
-- PHP Version: 8.2.12

SET SQL_MODE = "NO_AUTO_VALUE_ON_ZERO";
START TRANSACTION;
SET time_zone = "+00:00";


/*!40101 SET @OLD_CHARACTER_SET_CLIENT=@@CHARACTER_SET_CLIENT */;
/*!40101 SET @OLD_CHARACTER_SET_RESULTS=@@CHARACTER_SET_RESULTS */;
/*!40101 SET @OLD_COLLATION_CONNECTION=@@COLLATION_CONNECTION */;
/*!40101 SET NAMES utf8mb4 */;

--
-- Database: `expense_tracker`
--

-- --------------------------------------------------------

--
-- Table structure for table `budgets`
--

CREATE TABLE `budgets` (
  `budget_id` int(11) NOT NULL,
  `user_id` int(11) NOT NULL,
  `month` int(11) NOT NULL,
  `year` int(11) NOT NULL,
  `budget_amount` decimal(10,2) NOT NULL
) ENGINE=InnoDB DEFAULT CHARSET=utf8mb4 COLLATE=utf8mb4_general_ci;

--
-- Dumping data for table `budgets`
--

INSERT INTO `budgets` (`budget_id`, `user_id`, `month`, `year`, `budget_amount`) VALUES
(1, 1, 1, 2026, 5000.00),
(2, 2, 1, 2026, 12000.00),
(3, 3, 1, 2026, 15000.00),
(4, 4, 1, 2026, 12000.00),
(5, 5, 1, 2026, 15000.00),
(6, 6, 1, 2026, 12000.00),
(7, 7, 1, 2026, 15000.00),
(8, 8, 1, 2026, 15000.00),
(9, 9, 1, 2026, 25000.00),
(10, 10, 1, 2026, 20000.00),
(11, 11, 1, 2026, 12000.00),
(12, 12, 1, 2026, 15000.00),
(13, 13, 1, 2026, 5000.00),
(14, 14, 1, 2026, 25000.00),
(15, 15, 1, 2026, 10000.00),
(16, 16, 1, 2026, 20000.00),
(17, 17, 1, 2026, 25000.00),
(18, 18, 1, 2026, 15000.00),
(19, 19, 1, 2026, 15000.00),
(20, 20, 1, 2026, 20000.00),
(21, 21, 1, 2026, 5000.00),
(22, 22, 1, 2026, 5000.00),
(23, 23, 1, 2026, 25000.00),
(24, 24, 1, 2026, 8000.00),
(25, 25, 1, 2026, 20000.00),
(26, 26, 1, 2026, 20000.00),
(27, 27, 1, 2026, 10000.00),
(28, 28, 1, 2026, 8000.00),
(29, 29, 1, 2026, 20000.00),
(30, 30, 1, 2026, 15000.00),
(31, 31, 1, 2026, 5000.00),
(32, 32, 1, 2026, 15000.00),
(33, 33, 1, 2026, 20000.00),
(34, 34, 1, 2026, 20000.00),
(35, 35, 1, 2026, 20000.00),
(36, 36, 1, 2026, 12000.00),
(37, 37, 1, 2026, 25000.00),
(38, 38, 1, 2026, 10000.00),
(39, 39, 1, 2026, 25000.00),
(40, 40, 1, 2026, 12000.00),
(41, 41, 1, 2026, 5000.00),
(42, 42, 1, 2026, 5000.00),
(43, 43, 1, 2026, 5000.00),
(44, 44, 1, 2026, 10000.00),
(45, 45, 1, 2026, 8000.00),
(46, 46, 1, 2026, 15000.00),
(47, 47, 1, 2026, 20000.00),
(48, 48, 1, 2026, 15000.00),
(49, 49, 1, 2026, 15000.00),
(50, 50, 1, 2026, 15000.00),
(51, 51, 1, 2026, 20000.00),
(52, 52, 1, 2026, 15000.00),
(53, 53, 1, 2026, 8000.00),
(54, 54, 1, 2026, 12000.00),
(55, 55, 1, 2026, 10000.00),
(56, 56, 1, 2026, 12000.00),
(57, 57, 1, 2026, 12000.00),
(58, 58, 1, 2026, 25000.00),
(59, 59, 1, 2026, 20000.00),
(60, 60, 1, 2026, 15000.00),
(61, 61, 1, 2026, 20000.00),
(62, 62, 1, 2026, 15000.00),
(63, 63, 1, 2026, 8000.00),
(64, 64, 1, 2026, 10000.00),
(65, 65, 1, 2026, 5000.00),
(66, 66, 1, 2026, 12000.00),
(67, 67, 1, 2026, 5000.00),
(68, 68, 1, 2026, 10000.00),
(69, 69, 1, 2026, 12000.00),
(70, 70, 1, 2026, 5000.00),
(71, 71, 1, 2026, 5000.00),
(72, 72, 1, 2026, 25000.00),
(73, 73, 1, 2026, 20000.00),
(74, 74, 1, 2026, 8000.00),
(75, 75, 1, 2026, 10000.00),
(76, 76, 1, 2026, 10000.00),
(77, 77, 1, 2026, 10000.00),
(78, 78, 1, 2026, 12000.00),
(79, 79, 1, 2026, 25000.00),
(80, 80, 1, 2026, 8000.00),
(81, 81, 1, 2026, 15000.00),
(82, 82, 1, 2026, 12000.00),
(83, 83, 1, 2026, 10000.00),
(84, 84, 1, 2026, 12000.00),
(85, 85, 1, 2026, 5000.00),
(86, 86, 1, 2026, 12000.00),
(87, 87, 1, 2026, 20000.00),
(88, 88, 1, 2026, 20000.00),
(89, 89, 1, 2026, 12000.00),
(90, 90, 1, 2026, 10000.00),
(91, 91, 1, 2026, 5000.00),
(92, 92, 1, 2026, 10000.00),
(93, 93, 1, 2026, 5000.00),
(94, 94, 1, 2026, 25000.00),
(95, 95, 1, 2026, 20000.00),
(96, 96, 1, 2026, 5000.00),
(97, 97, 1, 2026, 5000.00),
(98, 98, 1, 2026, 25000.00),
(99, 99, 1, 2026, 10000.00),
(100, 100, 1, 2026, 20000.00),
(101, 101, 1, 2026, 5000.00),
(102, 102, 1, 2026, 20000.00),
(103, 103, 1, 2026, 25000.00),
(104, 104, 1, 2026, 8000.00),
(105, 105, 1, 2026, 20000.00),
(106, 106, 1, 2026, 8000.00),
(107, 107, 1, 2026, 15000.00),
(108, 108, 1, 2026, 8000.00),
(109, 109, 1, 2026, 15000.00),
(110, 110, 1, 2026, 8000.00),
(111, 111, 1, 2026, 10000.00),
(112, 112, 1, 2026, 15000.00),
(113, 113, 1, 2026, 12000.00),
(114, 114, 1, 2026, 12000.00),
(115, 115, 1, 2026, 8000.00),
(116, 116, 1, 2026, 25000.00),
(117, 117, 1, 2026, 12000.00),
(118, 118, 1, 2026, 20000.00),
(119, 119, 1, 2026, 8000.00),
(120, 120, 1, 2026, 8000.00),
(121, 121, 1, 2026, 20000.00),
(122, 122, 1, 2026, 20000.00),
(123, 123, 1, 2026, 12000.00),
(124, 124, 1, 2026, 12000.00),
(125, 125, 1, 2026, 5000.00),
(126, 126, 1, 2026, 20000.00),
(127, 127, 1, 2026, 15000.00),
(128, 128, 1, 2026, 8000.00),
(129, 129, 1, 2026, 12000.00),
(130, 130, 1, 2026, 15000.00),
(131, 131, 1, 2026, 12000.00),
(132, 132, 1, 2026, 12000.00),
(133, 133, 1, 2026, 5000.00),
(134, 134, 1, 2026, 20000.00),
(135, 135, 1, 2026, 8000.00),
(136, 136, 1, 2026, 8000.00),
(137, 137, 1, 2026, 10000.00),
(138, 138, 1, 2026, 25000.00),
(139, 139, 1, 2026, 20000.00),
(140, 140, 1, 2026, 25000.00),
(141, 141, 1, 2026, 25000.00),
(142, 142, 1, 2026, 5000.00),
(143, 143, 1, 2026, 15000.00),
(144, 144, 1, 2026, 5000.00),
(145, 145, 1, 2026, 25000.00),
(146, 146, 1, 2026, 25000.00),
(147, 147, 1, 2026, 15000.00),
(148, 148, 1, 2026, 8000.00),
(149, 149, 1, 2026, 10000.00),
(150, 150, 1, 2026, 10000.00),
(151, 151, 1, 2026, 8000.00),
(152, 152, 1, 2026, 12000.00),
(153, 153, 1, 2026, 5000.00),
(154, 154, 1, 2026, 10000.00),
(155, 155, 1, 2026, 20000.00),
(156, 156, 1, 2026, 25000.00),
(157, 157, 1, 2026, 12000.00),
(158, 158, 1, 2026, 15000.00),
(159, 159, 1, 2026, 20000.00),
(160, 160, 1, 2026, 10000.00),
(161, 161, 1, 2026, 15000.00),
(162, 162, 1, 2026, 12000.00),
(163, 163, 1, 2026, 15000.00),
(164, 164, 1, 2026, 12000.00),
(165, 165, 1, 2026, 15000.00),
(166, 166, 1, 2026, 5000.00),
(167, 167, 1, 2026, 10000.00),
(168, 168, 1, 2026, 10000.00),
(169, 169, 1, 2026, 25000.00),
(170, 170, 1, 2026, 12000.00),
(171, 171, 1, 2026, 15000.00),
(172, 172, 1, 2026, 8000.00),
(173, 173, 1, 2026, 25000.00),
(174, 174, 1, 2026, 20000.00),
(175, 175, 1, 2026, 20000.00),
(176, 176, 1, 2026, 25000.00),
(177, 177, 1, 2026, 10000.00),
(178, 178, 1, 2026, 15000.00),
(179, 179, 1, 2026, 15000.00),
(180, 180, 1, 2026, 5000.00),
(181, 181, 1, 2026, 20000.00),
(182, 182, 1, 2026, 8000.00),
(183, 183, 1, 2026, 10000.00),
(184, 184, 1, 2026, 5000.00),
(185, 185, 1, 2026, 8000.00),
(186, 186, 1, 2026, 10000.00),
(187, 187, 1, 2026, 5000.00),
(188, 188, 1, 2026, 8000.00),
(189, 189, 1, 2026, 10000.00),
(190, 190, 1, 2026, 20000.00),
(191, 191, 1, 2026, 8000.00),
(192, 192, 1, 2026, 15000.00),
(193, 193, 1, 2026, 12000.00),
(194, 194, 1, 2026, 12000.00),
(195, 195, 1, 2026, 15000.00),
(196, 196, 1, 2026, 8000.00),
(197, 197, 1, 2026, 15000.00),
(198, 198, 1, 2026, 12000.00),
(199, 199, 1, 2026, 12000.00),
(200, 200, 1, 2026, 8000.00),
(201, 201, 1, 2026, 12000.00),
(202, 202, 1, 2026, 20000.00),
(203, 203, 1, 2026, 15000.00),
(204, 204, 1, 2026, 20000.00),
(205, 205, 1, 2026, 20000.00),
(206, 206, 1, 2026, 8000.00),
(207, 207, 1, 2026, 15000.00),
(208, 208, 1, 2026, 8000.00),
(209, 209, 1, 2026, 12000.00),
(210, 210, 1, 2026, 10000.00),
(211, 211, 1, 2026, 8000.00),
(212, 212, 1, 2026, 8000.00),
(213, 213, 1, 2026, 10000.00),
(214, 214, 1, 2026, 25000.00),
(215, 215, 1, 2026, 12000.00),
(216, 216, 1, 2026, 15000.00),
(217, 217, 1, 2026, 5000.00),
(218, 218, 1, 2026, 25000.00),
(219, 219, 1, 2026, 10000.00),
(220, 220, 1, 2026, 5000.00),
(221, 221, 1, 2026, 12000.00),
(222, 222, 1, 2026, 8000.00),
(223, 223, 1, 2026, 8000.00),
(224, 224, 1, 2026, 25000.00),
(225, 225, 1, 2026, 12000.00),
(226, 226, 1, 2026, 15000.00),
(227, 227, 1, 2026, 15000.00),
(228, 228, 1, 2026, 20000.00),
(229, 229, 1, 2026, 12000.00),
(230, 230, 1, 2026, 12000.00),
(231, 231, 1, 2026, 20000.00),
(232, 232, 1, 2026, 12000.00),
(233, 233, 1, 2026, 12000.00),
(234, 234, 1, 2026, 20000.00),
(235, 235, 1, 2026, 25000.00),
(236, 236, 1, 2026, 12000.00),
(237, 237, 1, 2026, 12000.00),
(238, 238, 1, 2026, 8000.00),
(239, 239, 1, 2026, 5000.00),
(240, 240, 1, 2026, 15000.00),
(241, 241, 1, 2026, 5000.00),
(242, 242, 1, 2026, 25000.00),
(243, 243, 1, 2026, 25000.00),
(244, 244, 1, 2026, 8000.00),
(245, 245, 1, 2026, 10000.00),
(246, 246, 1, 2026, 5000.00),
(247, 247, 1, 2026, 10000.00),
(248, 248, 1, 2026, 8000.00),
(249, 249, 1, 2026, 15000.00),
(250, 250, 1, 2026, 10000.00),
(251, 251, 1, 2026, 8000.00),
(252, 252, 1, 2026, 25000.00),
(253, 253, 1, 2026, 12000.00),
(254, 254, 1, 2026, 15000.00),
(255, 255, 1, 2026, 20000.00),
(256, 256, 1, 2026, 25000.00),
(257, 257, 1, 2026, 25000.00),
(258, 258, 1, 2026, 12000.00),
(259, 259, 1, 2026, 15000.00),
(260, 260, 1, 2026, 15000.00),
(261, 261, 1, 2026, 5000.00),
(262, 262, 1, 2026, 15000.00),
(263, 263, 1, 2026, 5000.00),
(264, 264, 1, 2026, 10000.00),
(265, 265, 1, 2026, 25000.00),
(266, 266, 1, 2026, 15000.00),
(267, 267, 1, 2026, 25000.00),
(268, 268, 1, 2026, 10000.00),
(269, 269, 1, 2026, 15000.00),
(270, 270, 1, 2026, 25000.00),
(271, 271, 1, 2026, 25000.00),
(272, 272, 1, 2026, 5000.00),
(273, 273, 1, 2026, 25000.00),
(274, 274, 1, 2026, 20000.00),
(275, 275, 1, 2026, 12000.00),
(276, 276, 1, 2026, 15000.00),
(277, 277, 1, 2026, 8000.00),
(278, 278, 1, 2026, 12000.00),
(279, 279, 1, 2026, 5000.00),
(280, 280, 1, 2026, 20000.00),
(281, 281, 1, 2026, 25000.00),
(282, 282, 1, 2026, 20000.00),
(283, 283, 1, 2026, 25000.00),
(284, 284, 1, 2026, 8000.00),
(285, 285, 1, 2026, 10000.00),
(286, 286, 1, 2026, 25000.00),
(287, 287, 1, 2026, 5000.00),
(288, 288, 1, 2026, 12000.00),
(289, 289, 1, 2026, 10000.00),
(290, 290, 1, 2026, 10000.00),
(291, 291, 1, 2026, 25000.00),
(292, 292, 1, 2026, 25000.00),
(293, 293, 1, 2026, 5000.00),
(294, 294, 1, 2026, 12000.00),
(295, 295, 1, 2026, 25000.00),
(296, 296, 1, 2026, 5000.00),
(297, 297, 1, 2026, 25000.00),
(298, 298, 1, 2026, 25000.00),
(299, 299, 1, 2026, 8000.00),
(300, 300, 1, 2026, 8000.00),
(301, 301, 1, 2026, 25000.00),
(302, 302, 1, 2026, 20000.00),
(303, 303, 1, 2026, 15000.00),
(304, 304, 1, 2026, 20000.00),
(305, 305, 1, 2026, 10000.00),
(306, 306, 1, 2026, 25000.00),
(307, 307, 1, 2026, 20000.00),
(308, 308, 1, 2026, 15000.00),
(309, 309, 1, 2026, 20000.00),
(310, 310, 1, 2026, 12000.00),
(311, 311, 1, 2026, 8000.00),
(312, 312, 1, 2026, 15000.00),
(313, 313, 1, 2026, 8000.00),
(314, 314, 1, 2026, 25000.00),
(315, 315, 1, 2026, 8000.00),
(316, 316, 1, 2026, 25000.00),
(317, 317, 1, 2026, 8000.00),
(318, 318, 1, 2026, 25000.00),
(319, 319, 1, 2026, 5000.00),
(320, 320, 1, 2026, 15000.00),
(321, 321, 1, 2026, 10000.00),
(322, 322, 1, 2026, 15000.00),
(323, 323, 1, 2026, 10000.00),
(324, 324, 1, 2026, 15000.00),
(325, 325, 1, 2026, 15000.00),
(326, 326, 1, 2026, 8000.00),
(327, 327, 1, 2026, 10000.00),
(328, 328, 1, 2026, 20000.00),
(329, 329, 1, 2026, 10000.00),
(330, 330, 1, 2026, 10000.00),
(331, 331, 1, 2026, 15000.00),
(332, 332, 1, 2026, 10000.00),
(333, 333, 1, 2026, 25000.00),
(334, 334, 1, 2026, 15000.00),
(335, 335, 1, 2026, 20000.00),
(336, 336, 1, 2026, 25000.00),
(337, 337, 1, 2026, 5000.00),
(338, 338, 1, 2026, 8000.00),
(339, 339, 1, 2026, 25000.00),
(340, 340, 1, 2026, 25000.00),
(341, 341, 1, 2026, 12000.00),
(342, 342, 1, 2026, 5000.00),
(343, 343, 1, 2026, 10000.00),
(344, 344, 1, 2026, 25000.00),
(345, 345, 1, 2026, 20000.00),
(346, 346, 1, 2026, 8000.00),
(347, 347, 1, 2026, 20000.00),
(348, 348, 1, 2026, 25000.00),
(349, 349, 1, 2026, 8000.00),
(350, 350, 1, 2026, 8000.00),
(351, 351, 1, 2026, 8000.00),
(352, 352, 1, 2026, 20000.00),
(353, 353, 1, 2026, 10000.00),
(354, 354, 1, 2026, 25000.00),
(355, 355, 1, 2026, 8000.00),
(356, 356, 1, 2026, 25000.00),
(357, 357, 1, 2026, 25000.00),
(358, 358, 1, 2026, 20000.00),
(359, 359, 1, 2026, 12000.00),
(360, 360, 1, 2026, 12000.00),
(361, 361, 1, 2026, 8000.00),
(362, 362, 1, 2026, 15000.00),
(363, 363, 1, 2026, 20000.00),
(364, 364, 1, 2026, 10000.00),
(365, 365, 1, 2026, 20000.00),
(366, 366, 1, 2026, 12000.00),
(367, 367, 1, 2026, 12000.00),
(368, 368, 1, 2026, 12000.00),
(369, 369, 1, 2026, 5000.00),
(370, 370, 1, 2026, 20000.00),
(371, 371, 1, 2026, 25000.00),
(372, 372, 1, 2026, 25000.00),
(373, 373, 1, 2026, 5000.00),
(374, 374, 1, 2026, 12000.00),
(375, 375, 1, 2026, 15000.00),
(376, 376, 1, 2026, 20000.00),
(377, 377, 1, 2026, 10000.00),
(378, 378, 1, 2026, 20000.00),
(379, 379, 1, 2026, 10000.00),
(380, 380, 1, 2026, 12000.00),
(381, 381, 1, 2026, 12000.00),
(382, 382, 1, 2026, 10000.00),
(383, 383, 1, 2026, 15000.00),
(384, 384, 1, 2026, 5000.00),
(385, 385, 1, 2026, 25000.00),
(386, 386, 1, 2026, 25000.00),
(387, 387, 1, 2026, 25000.00),
(388, 388, 1, 2026, 20000.00),
(389, 389, 1, 2026, 5000.00),
(390, 390, 1, 2026, 20000.00),
(391, 391, 1, 2026, 12000.00),
(392, 392, 1, 2026, 20000.00),
(393, 393, 1, 2026, 20000.00),
(394, 394, 1, 2026, 20000.00),
(395, 395, 1, 2026, 10000.00),
(396, 396, 1, 2026, 25000.00),
(397, 397, 1, 2026, 5000.00),
(398, 398, 1, 2026, 25000.00),
(399, 399, 1, 2026, 15000.00),
(400, 400, 1, 2026, 12000.00),
(401, 401, 1, 2026, 8000.00),
(402, 402, 1, 2026, 12000.00),
(403, 403, 1, 2026, 25000.00),
(404, 404, 1, 2026, 8000.00),
(405, 405, 1, 2026, 12000.00),
(406, 406, 1, 2026, 10000.00),
(407, 407, 1, 2026, 10000.00),
(408, 408, 1, 2026, 25000.00),
(409, 409, 1, 2026, 10000.00),
(410, 410, 1, 2026, 10000.00),
(411, 411, 1, 2026, 15000.00),
(412, 412, 1, 2026, 15000.00),
(413, 413, 1, 2026, 8000.00),
(414, 414, 1, 2026, 15000.00),
(415, 415, 1, 2026, 25000.00),
(416, 416, 1, 2026, 12000.00),
(417, 417, 1, 2026, 25000.00),
(418, 418, 1, 2026, 10000.00),
(419, 419, 1, 2026, 20000.00),
(420, 420, 1, 2026, 25000.00),
(421, 421, 1, 2026, 5000.00),
(422, 422, 1, 2026, 5000.00),
(423, 423, 1, 2026, 5000.00),
(424, 424, 1, 2026, 20000.00),
(425, 425, 1, 2026, 25000.00),
(426, 426, 1, 2026, 25000.00),
(427, 427, 1, 2026, 12000.00),
(428, 428, 1, 2026, 5000.00),
(429, 429, 1, 2026, 5000.00),
(430, 430, 1, 2026, 25000.00),
(431, 431, 1, 2026, 8000.00),
(432, 432, 1, 2026, 12000.00),
(433, 433, 1, 2026, 12000.00),
(434, 434, 1, 2026, 5000.00),
(435, 435, 1, 2026, 12000.00),
(436, 436, 1, 2026, 8000.00),
(437, 437, 1, 2026, 20000.00),
(438, 438, 1, 2026, 8000.00),
(439, 439, 1, 2026, 20000.00),
(440, 440, 1, 2026, 10000.00),
(441, 441, 1, 2026, 8000.00),
(442, 442, 1, 2026, 25000.00),
(443, 443, 1, 2026, 10000.00),
(444, 444, 1, 2026, 5000.00),
(445, 445, 1, 2026, 20000.00),
(446, 446, 1, 2026, 10000.00),
(447, 447, 1, 2026, 10000.00),
(448, 448, 1, 2026, 5000.00),
(449, 449, 1, 2026, 10000.00),
(450, 450, 1, 2026, 20000.00),
(451, 451, 1, 2026, 20000.00),
(452, 452, 1, 2026, 8000.00),
(453, 453, 1, 2026, 5000.00),
(454, 454, 1, 2026, 12000.00),
(455, 455, 1, 2026, 20000.00),
(456, 456, 1, 2026, 10000.00),
(457, 457, 1, 2026, 20000.00),
(458, 458, 1, 2026, 20000.00),
(459, 459, 1, 2026, 25000.00),
(460, 460, 1, 2026, 8000.00),
(461, 461, 1, 2026, 12000.00),
(462, 462, 1, 2026, 20000.00),
(463, 463, 1, 2026, 5000.00),
(464, 464, 1, 2026, 20000.00),
(465, 465, 1, 2026, 5000.00),
(466, 466, 1, 2026, 5000.00),
(467, 467, 1, 2026, 8000.00),
(468, 468, 1, 2026, 12000.00),
(469, 469, 1, 2026, 5000.00),
(470, 470, 1, 2026, 8000.00),
(471, 471, 1, 2026, 15000.00),
(472, 472, 1, 2026, 8000.00),
(473, 473, 1, 2026, 15000.00),
(474, 474, 1, 2026, 20000.00),
(475, 475, 1, 2026, 12000.00),
(476, 476, 1, 2026, 5000.00),
(477, 477, 1, 2026, 5000.00),
(478, 478, 1, 2026, 20000.00),
(479, 479, 1, 2026, 10000.00),
(480, 480, 1, 2026, 25000.00),
(481, 481, 1, 2026, 5000.00),
(482, 482, 1, 2026, 25000.00),
(483, 483, 1, 2026, 12000.00),
(484, 484, 1, 2026, 20000.00),
(485, 485, 1, 2026, 8000.00),
(486, 486, 1, 2026, 12000.00),
(487, 487, 1, 2026, 5000.00),
(488, 488, 1, 2026, 8000.00),
(489, 489, 1, 2026, 12000.00),
(490, 490, 1, 2026, 5000.00),
(491, 491, 1, 2026, 20000.00),
(492, 492, 1, 2026, 25000.00),
(493, 493, 1, 2026, 5000.00),
(494, 494, 1, 2026, 5000.00),
(495, 495, 1, 2026, 10000.00),
(496, 496, 1, 2026, 10000.00),
(497, 497, 1, 2026, 10000.00),
(498, 498, 1, 2026, 8000.00),
(499, 499, 1, 2026, 12000.00),
(500, 500, 1, 2026, 25000.00),
(501, 501, 1, 2026, 25000.00),
(502, 502, 1, 2026, 25000.00),
(503, 503, 1, 2026, 25000.00),
(504, 504, 1, 2026, 8000.00),
(505, 505, 1, 2026, 20000.00),
(506, 506, 1, 2026, 20000.00),
(507, 507, 1, 2026, 8000.00),
(508, 508, 1, 2026, 5000.00),
(509, 509, 1, 2026, 15000.00),
(510, 510, 1, 2026, 15000.00),
(511, 511, 1, 2026, 5000.00),
(512, 512, 1, 2026, 15000.00),
(513, 513, 1, 2026, 20000.00),
(514, 514, 1, 2026, 8000.00),
(515, 515, 1, 2026, 12000.00),
(516, 516, 1, 2026, 10000.00),
(517, 517, 1, 2026, 20000.00),
(518, 518, 1, 2026, 8000.00),
(519, 519, 1, 2026, 20000.00),
(520, 520, 1, 2026, 20000.00),
(521, 521, 1, 2026, 8000.00),
(522, 522, 1, 2026, 12000.00),
(523, 523, 1, 2026, 15000.00),
(524, 524, 1, 2026, 20000.00),
(525, 525, 1, 2026, 12000.00),
(526, 526, 1, 2026, 25000.00),
(527, 527, 1, 2026, 8000.00),
(528, 528, 1, 2026, 5000.00),
(529, 529, 1, 2026, 5000.00),
(530, 530, 1, 2026, 8000.00),
(531, 531, 1, 2026, 25000.00),
(532, 532, 1, 2026, 5000.00),
(533, 533, 1, 2026, 15000.00),
(534, 534, 1, 2026, 20000.00),
(535, 535, 1, 2026, 12000.00),
(1011, 1, 7, 2026, 40000.00);

-- --------------------------------------------------------

--
-- Table structure for table `categories`
--

CREATE TABLE `categories` (
  `category_id` int(11) NOT NULL,
  `category_name` varchar(50) NOT NULL
) ENGINE=InnoDB DEFAULT CHARSET=utf8mb4 COLLATE=utf8mb4_general_ci;

--
-- Dumping data for table `categories`
--

INSERT INTO `categories` (`category_id`, `category_name`) VALUES
(1, 'Food'),
(2, 'Transport'),
(3, 'Shopping'),
(4, 'Bills'),
(5, 'Entertainment'),
(6, 'Healthcare'),
(7, 'Education'),
(8, 'Travel'),
(9, 'Fuel'),
(10, 'Groceries'),
(11, 'Investment'),
(12, 'Salary'),
(13, 'Others'),
(14, 'Rent'),
(15, 'Insurance'),
(16, 'Mobile Recharge'),
(17, 'Internet'),
(18, 'Dining Out'),
(19, 'Snacks'),
(20, 'Clothing'),
(21, 'Personal Care'),
(22, 'Fitness'),
(23, 'Pets'),
(24, 'Gifts'),
(25, 'EMI');

-- --------------------------------------------------------

--
-- Table structure for table `expenses`
--

CREATE TABLE `expenses` (
  `expense_id` int(11) NOT NULL,
  `user_id` int(11) NOT NULL,
  `category_id` int(11) NOT NULL,
  `amount` decimal(10,2) NOT NULL,
  `expense_date` date NOT NULL,
  `description` varchar(255) DEFAULT NULL
) ENGINE=InnoDB DEFAULT CHARSET=utf8mb4 COLLATE=utf8mb4_general_ci;

--
-- Dumping data for table `expenses`
--

INSERT INTO `expenses` (`expense_id`, `user_id`, `category_id`, `amount`, `expense_date`, `description`) VALUES
(1, 1, 12, 1962.40, '2026-03-30', 'Shopping'),
(2, 1, 4, 5100.98, '2026-05-31', 'Fuel'),
(3, 1, 10, 8541.87, '2026-06-18', 'Shopping'),
(4, 1, 3, 8837.58, '2026-04-10', 'Medicine'),
(5, 1, 11, 6542.38, '2026-04-03', 'Shopping'),
(9, 1, 8, 1053.99, '2026-04-17', 'Shopping'),
(10, 1, 5, 2385.45, '2026-05-23', 'Lunch'),
(11, 1, 1, 3619.93, '2026-03-08', 'Fuel'),
(13, 1, 13, 683.47, '2026-04-21', 'Bus'),
(14, 1, 10, 2305.57, '2026-05-24', 'Electricity'),
(15, 1, 8, 2615.33, '2026-03-29', 'Fuel'),
(16, 2, 13, 514.43, '2026-05-23', 'Books'),
(17, 2, 3, 8541.41, '2026-05-12', 'Groceries'),
(18, 2, 11, 1086.21, '2026-01-13', 'Shopping'),
(19, 2, 13, 4598.50, '2026-01-29', 'Bus'),
(20, 2, 13, 6125.20, '2026-01-27', 'Trip'),
(21, 2, 1, 5097.69, '2026-02-12', 'Bus'),
(22, 2, 4, 9114.31, '2026-02-10', 'Books'),
(23, 2, 12, 4443.10, '2026-05-10', 'Shopping'),
(24, 2, 12, 8711.40, '2026-02-09', 'Fuel'),
(25, 2, 6, 8200.65, '2026-02-01', 'Electricity'),
(26, 2, 8, 9697.88, '2026-01-02', 'Electricity'),
(27, 2, 13, 4762.95, '2026-03-15', 'Trip'),
(28, 2, 3, 898.08, '2026-04-06', 'Medicine'),
(29, 2, 6, 6312.93, '2026-03-04', 'Movie'),
(30, 2, 13, 7547.40, '2026-04-18', 'Electricity'),
(31, 3, 3, 8027.60, '2026-04-16', 'Medicine'),
(32, 3, 8, 9520.81, '2026-05-13', 'Fuel'),
(33, 3, 1, 4453.66, '2026-01-03', 'Trip'),
(34, 3, 2, 893.54, '2026-03-22', 'Medicine'),
(35, 3, 13, 1685.03, '2026-01-16', 'Medicine'),
(36, 3, 13, 419.08, '2026-06-14', 'Movie'),
(37, 3, 10, 625.21, '2026-06-11', 'Trip'),
(38, 3, 5, 4222.09, '2026-06-24', 'Trip'),
(39, 3, 5, 7229.43, '2026-03-22', 'Fuel'),
(40, 3, 1, 8278.69, '2026-05-16', 'Groceries'),
(41, 3, 3, 7017.94, '2026-04-25', 'Electricity'),
(42, 3, 9, 6262.38, '2026-06-08', 'Shopping'),
(43, 3, 12, 3485.24, '2026-06-16', 'Medicine'),
(44, 3, 13, 2013.09, '2026-03-19', 'Bus'),
(45, 3, 1, 5397.46, '2026-04-10', 'Movie'),
(46, 4, 9, 9919.64, '2026-03-14', 'Electricity'),
(47, 4, 2, 5141.13, '2026-03-21', 'Trip'),
(48, 4, 6, 7582.61, '2026-02-10', 'Lunch'),
(49, 4, 1, 8908.68, '2026-05-19', 'Groceries'),
(50, 4, 5, 2451.33, '2026-03-19', 'Medicine'),
(51, 4, 9, 1148.90, '2026-01-16', 'Fuel'),
(52, 4, 5, 6288.55, '2026-04-01', 'Bus'),
(53, 4, 1, 7577.77, '2026-02-01', 'Shopping'),
(54, 4, 5, 5745.73, '2026-01-02', 'Shopping'),
(55, 4, 6, 9830.36, '2026-05-29', 'Groceries'),
(56, 4, 12, 8948.67, '2026-06-10', 'Trip'),
(57, 4, 10, 2376.69, '2026-03-18', 'Books'),
(58, 4, 11, 7858.65, '2026-05-27', 'Movie'),
(59, 4, 12, 3807.77, '2026-03-05', 'Bus'),
(60, 4, 6, 5188.70, '2026-02-19', 'Fuel'),
(61, 5, 8, 1024.98, '2026-04-19', 'Medicine'),
(62, 5, 2, 967.87, '2026-04-19', 'Movie'),
(63, 5, 8, 2187.10, '2026-01-20', 'Fuel'),
(64, 5, 11, 5286.24, '2026-05-31', 'Trip'),
(65, 5, 9, 7799.31, '2026-03-09', 'Groceries'),
(66, 5, 8, 6382.79, '2026-04-23', 'Shopping'),
(67, 5, 12, 9734.06, '2026-02-11', 'Movie'),
(68, 5, 9, 1314.88, '2026-04-28', 'Movie'),
(69, 5, 12, 5156.20, '2026-05-16', 'Bus'),
(70, 5, 12, 2165.79, '2026-05-02', 'Lunch'),
(71, 5, 12, 1610.55, '2026-05-24', 'Fuel'),
(72, 5, 2, 6035.92, '2026-04-15', 'Bus'),
(73, 5, 2, 3727.38, '2026-03-16', 'Lunch'),
(74, 5, 9, 1575.38, '2026-04-06', 'Books'),
(75, 5, 6, 3067.44, '2026-05-05', 'Lunch'),
(76, 6, 13, 1471.55, '2026-05-31', 'Medicine'),
(77, 6, 1, 9371.37, '2026-03-20', 'Books'),
(78, 6, 4, 1871.62, '2026-05-06', 'Lunch'),
(79, 6, 2, 5498.00, '2026-01-18', 'Lunch'),
(80, 6, 7, 4837.71, '2026-03-21', 'Groceries'),
(81, 6, 8, 9007.86, '2026-04-07', 'Shopping'),
(82, 6, 12, 8345.15, '2026-02-03', 'Movie'),
(83, 6, 9, 6382.78, '2026-04-26', 'Shopping'),
(84, 6, 3, 8670.14, '2026-03-25', 'Bus'),
(85, 6, 13, 6266.47, '2026-06-09', 'Medicine'),
(86, 6, 7, 2366.58, '2026-04-12', 'Fuel'),
(87, 6, 9, 505.91, '2026-06-21', 'Shopping'),
(88, 6, 12, 2809.88, '2026-01-23', 'Movie'),
(89, 6, 12, 296.80, '2026-06-11', 'Books'),
(90, 6, 9, 6469.34, '2026-06-14', 'Trip'),
(91, 7, 2, 1964.65, '2026-06-08', 'Trip'),
(92, 7, 10, 7588.27, '2026-05-26', 'Trip'),
(93, 7, 4, 7518.06, '2026-05-09', 'Lunch'),
(94, 7, 2, 6599.63, '2026-05-17', 'Movie'),
(95, 7, 1, 2785.88, '2026-02-22', 'Electricity'),
(96, 7, 12, 8397.23, '2026-05-29', 'Shopping'),
(97, 7, 2, 8078.86, '2026-06-05', 'Fuel'),
(98, 7, 7, 5909.49, '2026-05-06', 'Lunch'),
(99, 7, 6, 4398.32, '2026-04-17', 'Lunch'),
(100, 7, 9, 3207.96, '2026-03-07', 'Bus'),
(101, 7, 2, 9798.87, '2026-05-19', 'Movie'),
(102, 7, 5, 1483.14, '2026-03-07', 'Bus'),
(103, 7, 3, 3102.60, '2026-04-15', 'Movie'),
(104, 7, 1, 6164.03, '2026-03-25', 'Movie'),
(105, 7, 1, 7147.34, '2026-03-18', 'Medicine'),
(106, 8, 2, 3234.41, '2026-04-16', 'Fuel'),
(107, 8, 5, 3786.36, '2026-01-31', 'Lunch'),
(108, 8, 4, 2434.25, '2026-06-02', 'Groceries'),
(109, 8, 4, 4955.15, '2026-05-10', 'Medicine'),
(110, 8, 2, 2729.41, '2026-03-23', 'Shopping'),
(111, 8, 9, 4100.41, '2026-05-04', 'Lunch'),
(112, 8, 7, 6353.74, '2026-01-05', 'Books'),
(113, 8, 9, 9636.57, '2026-06-22', 'Bus'),
(114, 8, 4, 7641.63, '2026-06-16', 'Movie'),
(115, 8, 5, 5704.04, '2026-04-25', 'Bus'),
(116, 8, 11, 5029.30, '2026-02-06', 'Fuel'),
(117, 8, 9, 9853.82, '2026-03-04', 'Trip'),
(118, 8, 7, 9615.45, '2026-05-23', 'Shopping'),
(119, 8, 1, 59.96, '2026-04-29', 'Groceries'),
(120, 8, 5, 6547.94, '2026-02-12', 'Lunch'),
(121, 9, 1, 9338.39, '2026-05-04', 'Books'),
(122, 9, 10, 2546.35, '2026-06-24', 'Medicine'),
(123, 9, 6, 8432.26, '2026-02-24', 'Groceries'),
(124, 9, 9, 2849.05, '2026-02-11', 'Trip'),
(125, 9, 10, 745.86, '2026-01-23', 'Medicine'),
(126, 9, 12, 1273.62, '2026-02-05', 'Trip'),
(127, 9, 5, 8788.88, '2026-02-23', 'Groceries'),
(128, 9, 9, 9576.30, '2026-03-23', 'Fuel'),
(129, 9, 11, 2650.54, '2026-04-26', 'Books'),
(130, 9, 4, 6639.66, '2026-03-24', 'Fuel'),
(131, 9, 4, 4625.00, '2026-06-03', 'Fuel'),
(132, 9, 1, 9144.48, '2026-02-04', 'Lunch'),
(133, 9, 10, 4791.46, '2026-01-03', 'Movie'),
(134, 9, 7, 5580.12, '2026-06-28', 'Shopping'),
(135, 9, 13, 3958.27, '2026-01-21', 'Bus'),
(136, 10, 9, 357.93, '2026-06-21', 'Shopping'),
(137, 10, 11, 1277.99, '2026-04-07', 'Groceries'),
(138, 10, 6, 3898.17, '2026-06-28', 'Lunch'),
(139, 10, 2, 4653.79, '2026-02-19', 'Shopping'),
(140, 10, 1, 2254.13, '2026-01-06', 'Books'),
(141, 10, 11, 9217.92, '2026-04-02', 'Electricity'),
(142, 10, 2, 8171.99, '2026-06-10', 'Books'),
(143, 10, 13, 7192.20, '2026-03-01', 'Shopping'),
(144, 10, 6, 416.12, '2026-05-07', 'Groceries'),
(145, 10, 4, 121.00, '2026-06-13', 'Medicine'),
(146, 10, 2, 8705.67, '2026-05-26', 'Trip'),
(147, 10, 8, 1746.25, '2026-02-19', 'Groceries'),
(148, 10, 11, 6839.72, '2026-05-25', 'Movie'),
(149, 10, 2, 5902.24, '2026-01-17', 'Movie'),
(150, 10, 5, 9338.96, '2026-02-28', 'Trip'),
(151, 11, 12, 7833.41, '2026-02-19', 'Lunch'),
(152, 11, 12, 6793.46, '2026-06-07', 'Books'),
(153, 11, 11, 5623.15, '2026-04-27', 'Lunch'),
(154, 11, 7, 6427.61, '2026-06-16', 'Lunch'),
(155, 11, 6, 4353.85, '2026-04-15', 'Books'),
(156, 11, 2, 6817.73, '2026-04-30', 'Shopping'),
(157, 11, 6, 5196.71, '2026-01-12', 'Electricity'),
(158, 11, 1, 2815.43, '2026-04-18', 'Trip'),
(159, 11, 8, 3196.61, '2026-04-11', 'Electricity'),
(160, 11, 6, 864.00, '2026-05-27', 'Lunch'),
(161, 11, 12, 2295.00, '2026-06-26', 'Medicine'),
(162, 11, 2, 9174.10, '2026-02-20', 'Movie'),
(163, 11, 6, 3142.52, '2026-06-10', 'Bus'),
(164, 11, 1, 4825.67, '2026-01-07', 'Groceries'),
(165, 11, 13, 6281.66, '2026-03-27', 'Books'),
(166, 12, 4, 1123.01, '2026-03-03', 'Fuel'),
(167, 12, 1, 8225.26, '2026-05-14', 'Electricity'),
(168, 12, 2, 7768.71, '2026-06-08', 'Shopping'),
(169, 12, 13, 1001.92, '2026-04-25', 'Groceries'),
(170, 12, 2, 901.07, '2026-01-16', 'Lunch'),
(171, 12, 7, 3167.13, '2026-06-27', 'Bus'),
(172, 12, 13, 1318.98, '2026-04-24', 'Lunch'),
(173, 12, 5, 6126.85, '2026-04-21', 'Bus'),
(174, 12, 2, 6791.77, '2026-05-24', 'Lunch'),
(175, 12, 5, 8506.80, '2026-04-13', 'Bus'),
(176, 12, 10, 7532.04, '2026-03-01', 'Groceries'),
(177, 12, 13, 6614.25, '2026-01-03', 'Shopping'),
(178, 12, 7, 4668.88, '2026-04-20', 'Groceries'),
(179, 12, 10, 1057.72, '2026-06-16', 'Lunch'),
(180, 12, 8, 5196.27, '2026-05-31', 'Electricity'),
(181, 13, 2, 1071.76, '2026-06-02', 'Bus'),
(182, 13, 10, 7904.69, '2026-02-19', 'Groceries'),
(183, 13, 3, 6391.77, '2026-03-07', 'Fuel'),
(184, 13, 7, 4839.92, '2026-06-08', 'Shopping'),
(185, 13, 3, 2469.37, '2026-01-12', 'Lunch'),
(186, 13, 3, 3151.09, '2026-04-22', 'Trip'),
(187, 13, 11, 7556.02, '2026-03-21', 'Groceries'),
(188, 13, 9, 7766.18, '2026-02-07', 'Shopping'),
(189, 13, 5, 6053.13, '2026-03-16', 'Fuel'),
(190, 13, 1, 5200.92, '2026-06-18', 'Movie'),
(191, 13, 1, 2412.00, '2026-05-24', 'Lunch'),
(192, 13, 7, 3470.97, '2026-02-21', 'Electricity'),
(193, 13, 13, 730.62, '2026-02-18', 'Shopping'),
(194, 13, 12, 6933.82, '2026-04-30', 'Groceries'),
(195, 13, 12, 3344.90, '2026-05-29', 'Groceries'),
(196, 14, 6, 6180.23, '2026-04-18', 'Fuel'),
(197, 14, 3, 1093.24, '2026-01-11', 'Shopping'),
(198, 14, 4, 9203.54, '2026-06-13', 'Electricity'),
(199, 14, 12, 2341.23, '2026-06-09', 'Electricity'),
(200, 14, 4, 4833.42, '2026-03-26', 'Medicine'),
(201, 14, 4, 4033.11, '2026-01-02', 'Fuel'),
(202, 14, 1, 783.63, '2026-01-08', 'Trip'),
(203, 14, 2, 1466.90, '2026-04-23', 'Electricity'),
(204, 14, 11, 5877.58, '2026-04-03', 'Lunch'),
(205, 14, 1, 2031.27, '2026-03-14', 'Movie'),
(206, 14, 4, 8859.55, '2026-02-14', 'Fuel'),
(207, 14, 9, 2497.34, '2026-02-20', 'Lunch'),
(208, 14, 3, 8436.67, '2026-01-26', 'Lunch'),
(209, 14, 11, 1415.57, '2026-06-17', 'Bus'),
(210, 14, 6, 9364.34, '2026-03-20', 'Shopping'),
(211, 15, 4, 3727.92, '2026-04-06', 'Movie'),
(212, 15, 9, 9772.16, '2026-06-09', 'Medicine'),
(213, 15, 12, 700.51, '2026-02-06', 'Movie'),
(214, 15, 13, 1936.93, '2026-05-17', 'Medicine'),
(215, 15, 12, 3773.84, '2026-06-03', 'Medicine'),
(216, 15, 11, 2483.27, '2026-01-12', 'Groceries'),
(217, 15, 10, 1931.57, '2026-05-18', 'Books'),
(218, 15, 13, 1528.24, '2026-03-05', 'Lunch'),
(219, 15, 11, 7966.34, '2026-02-02', 'Trip'),
(220, 15, 10, 8864.05, '2026-02-23', 'Bus'),
(221, 15, 13, 4733.14, '2026-06-19', 'Groceries'),
(222, 15, 2, 1715.96, '2026-04-10', 'Trip'),
(223, 15, 6, 5010.95, '2026-04-29', 'Movie'),
(224, 15, 6, 7139.24, '2026-05-15', 'Shopping'),
(225, 15, 12, 9559.73, '2026-05-02', 'Books'),
(226, 16, 10, 4039.41, '2026-05-30', 'Lunch'),
(227, 16, 4, 2234.29, '2026-02-21', 'Shopping'),
(228, 16, 4, 3989.20, '2026-03-20', 'Medicine'),
(229, 16, 7, 5735.14, '2026-04-06', 'Books'),
(230, 16, 9, 893.35, '2026-01-22', 'Books'),
(231, 16, 8, 5212.27, '2026-02-28', 'Groceries'),
(232, 16, 1, 4679.27, '2026-06-09', 'Fuel'),
(233, 16, 7, 4538.95, '2026-04-21', 'Medicine'),
(234, 16, 6, 8054.82, '2026-03-23', 'Books'),
(235, 16, 7, 295.95, '2026-04-24', 'Electricity'),
(236, 16, 5, 6471.28, '2026-04-02', 'Bus'),
(237, 16, 5, 8433.90, '2026-05-12', 'Trip'),
(238, 16, 11, 827.68, '2026-03-12', 'Electricity'),
(239, 16, 2, 1229.95, '2026-04-03', 'Lunch'),
(240, 16, 9, 2043.05, '2026-02-20', 'Fuel'),
(241, 17, 5, 3062.02, '2026-06-24', 'Books'),
(242, 17, 4, 7071.14, '2026-02-05', 'Trip'),
(243, 17, 5, 134.91, '2026-03-18', 'Books'),
(244, 17, 6, 7842.13, '2026-04-14', 'Medicine'),
(245, 17, 10, 7590.17, '2026-01-04', 'Shopping'),
(246, 17, 11, 5150.84, '2026-02-08', 'Medicine'),
(247, 17, 4, 2307.92, '2026-02-23', 'Shopping'),
(248, 17, 4, 5182.46, '2026-05-22', 'Shopping'),
(249, 17, 12, 8153.26, '2026-03-29', 'Bus'),
(250, 17, 6, 8465.73, '2026-04-20', 'Medicine'),
(251, 17, 4, 4414.87, '2026-05-23', 'Lunch'),
(252, 17, 6, 1432.55, '2026-02-02', 'Books'),
(253, 17, 12, 146.33, '2026-06-18', 'Fuel'),
(254, 17, 6, 2293.63, '2026-04-19', 'Medicine'),
(255, 17, 13, 7797.50, '2026-05-18', 'Books'),
(256, 18, 6, 5890.20, '2026-05-26', 'Lunch'),
(257, 18, 3, 1579.23, '2026-03-26', 'Groceries'),
(258, 18, 11, 8001.50, '2026-06-05', 'Groceries'),
(259, 18, 7, 9802.71, '2026-02-22', 'Medicine'),
(260, 18, 2, 5368.18, '2026-02-18', 'Shopping'),
(261, 18, 2, 3321.97, '2026-04-26', 'Books'),
(262, 18, 2, 1755.67, '2026-06-22', 'Trip'),
(263, 18, 3, 368.99, '2026-06-26', 'Groceries'),
(264, 18, 8, 317.04, '2026-02-20', 'Bus'),
(265, 18, 7, 2873.99, '2026-03-01', 'Books'),
(266, 18, 11, 5267.74, '2026-04-27', 'Lunch'),
(267, 18, 6, 5209.39, '2026-02-13', 'Fuel'),
(268, 18, 7, 3941.50, '2026-01-29', 'Movie'),
(269, 18, 9, 4213.21, '2026-01-18', 'Medicine'),
(270, 18, 4, 1342.83, '2026-02-22', 'Books'),
(271, 19, 7, 8188.07, '2026-06-20', 'Shopping'),
(272, 19, 3, 6056.91, '2026-03-21', 'Groceries'),
(273, 19, 4, 5049.63, '2026-06-25', 'Shopping'),
(274, 19, 5, 2056.94, '2026-02-06', 'Shopping'),
(275, 19, 2, 8254.60, '2026-06-04', 'Electricity'),
(276, 19, 9, 3322.47, '2026-05-26', 'Shopping'),
(277, 19, 8, 4653.82, '2026-01-11', 'Bus'),
(278, 19, 5, 6480.68, '2026-04-27', 'Fuel'),
(279, 19, 12, 8434.26, '2026-03-18', 'Medicine'),
(280, 19, 10, 8243.12, '2026-02-14', 'Medicine'),
(281, 19, 4, 1836.80, '2026-06-08', 'Medicine'),
(282, 19, 8, 3877.42, '2026-06-18', 'Movie'),
(283, 19, 12, 5707.72, '2026-04-11', 'Lunch'),
(284, 19, 4, 8861.14, '2026-02-10', 'Books'),
(285, 19, 11, 5400.49, '2026-06-20', 'Bus'),
(286, 20, 12, 7279.05, '2026-02-25', 'Shopping'),
(287, 20, 7, 9924.28, '2026-05-22', 'Bus'),
(288, 20, 6, 811.51, '2026-01-27', 'Trip'),
(289, 20, 13, 7806.13, '2026-04-15', 'Shopping'),
(290, 20, 3, 2565.03, '2026-05-10', 'Lunch'),
(291, 20, 8, 315.84, '2026-06-13', 'Shopping'),
(292, 20, 7, 3469.39, '2026-04-13', 'Electricity'),
(293, 20, 7, 425.86, '2026-03-06', 'Bus'),
(294, 20, 12, 9175.51, '2026-03-25', 'Shopping'),
(295, 20, 8, 4640.50, '2026-01-22', 'Trip'),
(296, 20, 11, 2460.82, '2026-04-23', 'Movie'),
(297, 20, 8, 8213.25, '2026-02-11', 'Movie'),
(298, 20, 1, 6089.54, '2026-02-15', 'Books'),
(299, 20, 2, 5369.81, '2026-04-11', 'Movie'),
(300, 20, 2, 6730.35, '2026-01-03', 'Books'),
(301, 21, 3, 4434.55, '2026-02-15', 'Electricity'),
(302, 21, 12, 392.73, '2026-06-22', 'Trip'),
(303, 21, 4, 4448.48, '2026-01-13', 'Trip'),
(304, 21, 11, 6642.27, '2026-06-18', 'Bus'),
(305, 21, 7, 6918.95, '2026-04-24', 'Lunch'),
(306, 21, 10, 96.42, '2026-04-07', 'Electricity'),
(307, 21, 4, 3777.71, '2026-03-03', 'Electricity'),
(308, 21, 2, 209.58, '2026-01-08', 'Lunch'),
(309, 21, 6, 8214.24, '2026-06-24', 'Bus'),
(310, 21, 4, 9589.52, '2026-01-25', 'Movie'),
(311, 21, 12, 1712.12, '2026-04-17', 'Trip'),
(312, 21, 2, 8165.46, '2026-03-24', 'Trip'),
(313, 21, 11, 1936.00, '2026-02-23', 'Trip'),
(314, 21, 7, 9392.29, '2026-01-31', 'Electricity'),
(315, 21, 4, 1103.56, '2026-03-24', 'Movie'),
(316, 22, 1, 4051.29, '2026-03-22', 'Lunch'),
(317, 22, 7, 2167.04, '2026-02-26', 'Bus'),
(318, 22, 11, 8160.09, '2026-06-16', 'Groceries'),
(319, 22, 6, 487.19, '2026-02-25', 'Medicine'),
(320, 22, 5, 7687.07, '2026-05-08', 'Bus'),
(321, 22, 12, 5385.01, '2026-05-26', 'Movie'),
(322, 22, 5, 9592.40, '2026-06-03', 'Fuel'),
(323, 22, 11, 6978.34, '2026-06-23', 'Movie'),
(324, 22, 6, 1794.54, '2026-06-26', 'Fuel'),
(325, 22, 11, 4847.20, '2026-03-27', 'Lunch'),
(326, 22, 10, 9125.43, '2026-04-25', 'Medicine'),
(327, 22, 9, 6423.89, '2026-03-01', 'Trip'),
(328, 22, 10, 7061.06, '2026-01-04', 'Electricity'),
(329, 22, 1, 6182.67, '2026-02-01', 'Books'),
(330, 22, 4, 7392.24, '2026-03-04', 'Groceries'),
(331, 23, 2, 646.23, '2026-04-06', 'Shopping'),
(332, 23, 5, 2060.02, '2026-04-07', 'Electricity'),
(333, 23, 11, 427.17, '2026-06-03', 'Shopping'),
(334, 23, 12, 8779.45, '2026-02-04', 'Books'),
(335, 23, 6, 6453.84, '2026-01-11', 'Trip'),
(336, 23, 13, 9776.80, '2026-06-15', 'Books'),
(337, 23, 13, 285.75, '2026-03-26', 'Fuel'),
(338, 23, 4, 2097.88, '2026-01-14', 'Electricity'),
(339, 23, 13, 6889.13, '2026-02-26', 'Groceries'),
(340, 23, 7, 5238.65, '2026-02-16', 'Shopping'),
(341, 23, 11, 110.12, '2026-05-06', 'Bus'),
(342, 23, 4, 568.46, '2026-02-06', 'Electricity'),
(343, 23, 3, 963.01, '2026-06-01', 'Trip'),
(344, 23, 13, 9321.54, '2026-03-02', 'Trip'),
(345, 23, 2, 4291.09, '2026-04-30', 'Books'),
(346, 24, 3, 7230.65, '2026-03-04', 'Medicine'),
(347, 24, 3, 6078.22, '2026-03-19', 'Books'),
(348, 24, 10, 4510.30, '2026-06-12', 'Electricity'),
(349, 24, 5, 8631.13, '2026-05-04', 'Bus'),
(350, 24, 6, 4012.53, '2026-02-12', 'Shopping'),
(351, 24, 8, 4255.84, '2026-06-06', 'Medicine'),
(352, 24, 13, 1600.99, '2026-05-04', 'Lunch'),
(353, 24, 13, 3845.12, '2026-01-22', 'Books'),
(354, 24, 10, 5395.12, '2026-05-22', 'Movie'),
(355, 24, 5, 3835.48, '2026-03-20', 'Shopping'),
(356, 24, 5, 3782.71, '2026-06-05', 'Shopping'),
(357, 24, 2, 3365.68, '2026-05-01', 'Electricity'),
(358, 24, 3, 9165.51, '2026-01-02', 'Lunch'),
(359, 24, 9, 7317.17, '2026-04-06', 'Shopping'),
(360, 24, 7, 9260.63, '2026-04-12', 'Fuel'),
(361, 25, 7, 4921.03, '2026-06-14', 'Groceries'),
(362, 25, 2, 4117.44, '2026-01-10', 'Bus'),
(363, 25, 7, 9324.69, '2026-02-11', 'Electricity'),
(364, 25, 13, 4391.16, '2026-03-07', 'Fuel'),
(365, 25, 9, 7105.83, '2026-06-12', 'Fuel'),
(366, 25, 12, 624.16, '2026-04-09', 'Medicine'),
(367, 25, 12, 2505.58, '2026-05-03', 'Lunch'),
(368, 25, 6, 6327.98, '2026-06-23', 'Lunch'),
(369, 25, 12, 6673.47, '2026-02-07', 'Books'),
(370, 25, 10, 4581.93, '2026-06-24', 'Movie'),
(371, 25, 5, 2511.78, '2026-05-29', 'Movie'),
(372, 25, 1, 1211.47, '2026-01-24', 'Medicine'),
(373, 25, 7, 7075.39, '2026-01-21', 'Trip'),
(374, 25, 4, 8766.26, '2026-02-12', 'Medicine'),
(375, 25, 5, 6933.78, '2026-05-09', 'Trip'),
(376, 26, 11, 8872.18, '2026-05-31', 'Books'),
(377, 26, 12, 4145.51, '2026-01-23', 'Bus'),
(378, 26, 11, 5747.49, '2026-03-30', 'Movie'),
(379, 26, 5, 7499.86, '2026-04-12', 'Books'),
(380, 26, 1, 9870.90, '2026-05-06', 'Lunch'),
(381, 26, 2, 744.92, '2026-06-28', 'Medicine'),
(382, 26, 9, 4197.58, '2026-03-15', 'Medicine'),
(383, 26, 3, 1805.19, '2026-02-17', 'Movie'),
(384, 26, 4, 4890.39, '2026-05-09', 'Bus'),
(385, 26, 8, 5692.57, '2026-02-24', 'Movie'),
(386, 26, 4, 636.87, '2026-02-16', 'Electricity'),
(387, 26, 5, 9830.32, '2026-04-15', 'Shopping'),
(388, 26, 11, 9134.07, '2026-01-28', 'Movie'),
(389, 26, 2, 2966.60, '2026-04-07', 'Bus'),
(390, 26, 5, 689.41, '2026-01-08', 'Groceries'),
(391, 27, 4, 4805.08, '2026-06-22', 'Bus'),
(392, 27, 1, 657.51, '2026-01-02', 'Groceries'),
(393, 27, 13, 9876.81, '2026-01-25', 'Electricity'),
(394, 27, 9, 7928.28, '2026-04-07', 'Groceries'),
(395, 27, 9, 9869.62, '2026-03-10', 'Shopping'),
(396, 27, 8, 7581.27, '2026-06-04', 'Medicine'),
(397, 27, 6, 3739.31, '2026-03-29', 'Fuel'),
(398, 27, 4, 9412.86, '2026-06-20', 'Medicine'),
(399, 27, 7, 6127.55, '2026-04-02', 'Fuel'),
(400, 27, 13, 1046.76, '2026-04-27', 'Medicine'),
(401, 27, 12, 8362.44, '2026-02-05', 'Lunch'),
(402, 27, 10, 1272.80, '2026-05-16', 'Books'),
(403, 27, 12, 7526.83, '2026-03-05', 'Fuel'),
(404, 27, 8, 6202.60, '2026-06-18', 'Shopping'),
(405, 27, 9, 4160.61, '2026-02-18', 'Lunch'),
(406, 28, 11, 9577.59, '2026-03-24', 'Lunch'),
(407, 28, 11, 3634.05, '2026-01-12', 'Fuel'),
(408, 28, 11, 4470.85, '2026-06-05', 'Shopping'),
(409, 28, 7, 7405.09, '2026-01-21', 'Fuel'),
(410, 28, 7, 9393.89, '2026-05-02', 'Bus'),
(411, 28, 12, 3879.34, '2026-06-05', 'Electricity'),
(412, 28, 12, 1474.46, '2026-05-14', 'Groceries'),
(413, 28, 13, 8575.19, '2026-05-10', 'Lunch'),
(414, 28, 3, 5004.35, '2026-01-23', 'Books'),
(415, 28, 11, 9963.23, '2026-04-30', 'Movie'),
(416, 28, 8, 9552.76, '2026-05-04', 'Trip'),
(417, 28, 4, 2471.39, '2026-02-13', 'Bus'),
(418, 28, 2, 4377.19, '2026-01-08', 'Movie'),
(419, 28, 6, 9031.35, '2026-03-13', 'Electricity'),
(420, 28, 12, 2613.40, '2026-05-02', 'Bus'),
(421, 29, 11, 1400.78, '2026-05-17', 'Shopping'),
(422, 29, 2, 7965.63, '2026-03-27', 'Electricity'),
(423, 29, 10, 7675.06, '2026-06-03', 'Bus'),
(424, 29, 11, 3465.10, '2026-04-08', 'Trip'),
(425, 29, 7, 8094.05, '2026-02-27', 'Books'),
(426, 29, 2, 2945.22, '2026-01-29', 'Bus'),
(427, 29, 6, 7418.78, '2026-02-18', 'Bus'),
(428, 29, 10, 3708.98, '2026-03-22', 'Medicine'),
(429, 29, 10, 7382.33, '2026-03-21', 'Lunch'),
(430, 29, 10, 5379.25, '2026-04-10', 'Medicine'),
(431, 29, 6, 7724.24, '2026-06-23', 'Movie'),
(432, 29, 9, 6654.24, '2026-06-01', 'Electricity'),
(433, 29, 2, 3983.36, '2026-05-18', 'Shopping'),
(434, 29, 6, 1489.77, '2026-03-17', 'Electricity'),
(435, 29, 8, 6815.81, '2026-02-07', 'Groceries'),
(436, 30, 5, 1501.41, '2026-06-20', 'Lunch'),
(437, 30, 10, 3235.39, '2026-05-09', 'Bus'),
(438, 30, 5, 9968.64, '2026-06-30', 'Groceries'),
(439, 30, 8, 6329.22, '2026-02-25', 'Shopping'),
(440, 30, 5, 7056.20, '2026-04-07', 'Lunch'),
(441, 30, 13, 3364.79, '2026-02-23', 'Electricity'),
(442, 30, 12, 7370.47, '2026-02-15', 'Shopping'),
(443, 30, 12, 3948.49, '2026-06-18', 'Movie'),
(444, 30, 1, 5502.03, '2026-03-28', 'Medicine'),
(445, 30, 11, 4760.55, '2026-03-31', 'Medicine'),
(446, 30, 7, 764.64, '2026-03-14', 'Books'),
(447, 30, 12, 9234.48, '2026-06-29', 'Trip'),
(448, 30, 7, 1018.33, '2026-03-24', 'Groceries'),
(449, 30, 13, 588.53, '2026-03-19', 'Shopping'),
(450, 30, 11, 1678.76, '2026-02-05', 'Shopping'),
(451, 31, 12, 4850.30, '2026-02-07', 'Electricity'),
(452, 31, 4, 8053.37, '2026-02-20', 'Lunch'),
(453, 31, 6, 7273.28, '2026-05-28', 'Bus'),
(454, 31, 11, 7865.72, '2026-02-07', 'Medicine'),
(455, 31, 7, 6810.48, '2026-02-13', 'Lunch'),
(456, 31, 2, 3588.06, '2026-05-02', 'Movie'),
(457, 31, 1, 1217.60, '2026-05-12', 'Fuel'),
(458, 31, 10, 4366.52, '2026-02-08', 'Medicine'),
(459, 31, 4, 388.23, '2026-03-03', 'Medicine'),
(460, 31, 8, 3061.76, '2026-06-02', 'Movie'),
(461, 31, 11, 7464.74, '2026-06-27', 'Bus'),
(462, 31, 13, 4663.55, '2026-06-16', 'Medicine'),
(463, 31, 5, 6341.72, '2026-04-24', 'Fuel'),
(464, 31, 1, 1244.00, '2026-01-22', 'Bus'),
(465, 31, 8, 6432.02, '2026-05-11', 'Electricity'),
(466, 32, 1, 5889.16, '2026-05-27', 'Shopping'),
(467, 32, 5, 6952.57, '2026-01-25', 'Groceries'),
(468, 32, 3, 3870.40, '2026-06-15', 'Medicine'),
(469, 32, 5, 5735.66, '2026-01-26', 'Fuel'),
(470, 32, 2, 7151.99, '2026-05-18', 'Movie'),
(471, 32, 7, 8138.04, '2026-01-06', 'Medicine'),
(472, 32, 9, 8183.76, '2026-05-16', 'Shopping'),
(473, 32, 2, 5213.07, '2026-05-30', 'Trip'),
(474, 32, 12, 8197.33, '2026-06-16', 'Bus'),
(475, 32, 13, 7542.23, '2026-06-18', 'Bus'),
(476, 32, 3, 8626.93, '2026-06-27', 'Movie'),
(477, 32, 1, 5569.48, '2026-03-22', 'Bus'),
(478, 32, 1, 1331.72, '2026-02-22', 'Movie'),
(479, 32, 2, 5646.84, '2026-01-09', 'Bus'),
(480, 32, 2, 5086.18, '2026-04-04', 'Trip'),
(481, 33, 3, 4259.36, '2026-06-18', 'Lunch'),
(482, 33, 4, 3040.97, '2026-05-13', 'Books'),
(483, 33, 11, 5364.32, '2026-02-05', 'Groceries'),
(484, 33, 8, 6966.26, '2026-05-14', 'Fuel'),
(485, 33, 10, 5405.18, '2026-02-23', 'Bus'),
(486, 33, 11, 8206.64, '2026-03-02', 'Lunch'),
(487, 33, 4, 1459.59, '2026-02-25', 'Movie'),
(488, 33, 10, 5543.10, '2026-06-01', 'Fuel'),
(489, 33, 5, 1328.50, '2026-06-09', 'Medicine'),
(490, 33, 2, 5520.99, '2026-03-08', 'Medicine'),
(491, 33, 11, 9041.42, '2026-04-13', 'Shopping'),
(492, 33, 2, 9450.17, '2026-06-23', 'Medicine'),
(493, 33, 12, 1475.28, '2026-02-22', 'Bus'),
(494, 33, 11, 7340.12, '2026-06-12', 'Electricity'),
(495, 33, 12, 3752.82, '2026-06-18', 'Trip'),
(496, 34, 10, 1682.23, '2026-02-09', 'Fuel'),
(497, 34, 13, 4364.59, '2026-01-07', 'Groceries'),
(498, 34, 4, 821.37, '2026-02-01', 'Trip'),
(499, 34, 2, 6855.59, '2026-04-15', 'Bus'),
(500, 34, 6, 6419.77, '2026-04-03', 'Fuel'),
(501, 34, 13, 2768.87, '2026-02-27', 'Books'),
(502, 34, 1, 1024.57, '2026-02-26', 'Medicine'),
(503, 34, 2, 7838.20, '2026-02-01', 'Movie'),
(504, 34, 9, 7296.86, '2026-03-20', 'Groceries'),
(505, 34, 13, 4921.71, '2026-05-16', 'Fuel'),
(506, 34, 12, 5742.97, '2026-03-14', 'Trip'),
(507, 34, 5, 6094.30, '2026-01-13', 'Movie'),
(508, 34, 6, 9467.78, '2026-04-10', 'Movie'),
(509, 34, 6, 8070.55, '2026-06-23', 'Trip'),
(510, 34, 9, 5966.44, '2026-04-14', 'Shopping'),
(511, 35, 10, 1319.34, '2026-01-03', 'Trip'),
(512, 35, 12, 1597.14, '2026-02-02', 'Movie'),
(513, 35, 7, 5697.23, '2026-03-10', 'Lunch'),
(514, 35, 12, 6409.98, '2026-04-05', 'Electricity'),
(515, 35, 11, 6106.59, '2026-06-30', 'Shopping'),
(516, 35, 3, 4417.65, '2026-04-01', 'Shopping'),
(517, 35, 9, 2903.86, '2026-04-20', 'Trip'),
(518, 35, 12, 8819.81, '2026-02-28', 'Books'),
(519, 35, 11, 8586.32, '2026-03-20', 'Medicine'),
(520, 35, 13, 3161.73, '2026-01-24', 'Bus'),
(521, 35, 2, 7313.03, '2026-01-24', 'Movie'),
(522, 35, 10, 621.24, '2026-03-15', 'Trip'),
(523, 35, 8, 8093.05, '2026-01-03', 'Medicine'),
(524, 35, 11, 5111.39, '2026-02-04', 'Shopping'),
(525, 35, 8, 5174.36, '2026-06-23', 'Trip'),
(526, 36, 12, 1290.68, '2026-01-04', 'Groceries'),
(527, 36, 4, 9113.32, '2026-01-02', 'Medicine'),
(528, 36, 12, 5366.53, '2026-03-30', 'Electricity'),
(529, 36, 12, 6628.68, '2026-05-16', 'Groceries'),
(530, 36, 1, 6093.37, '2026-02-13', 'Trip'),
(531, 36, 4, 1789.40, '2026-04-04', 'Movie'),
(532, 36, 9, 3565.25, '2026-01-14', 'Medicine'),
(533, 36, 8, 3821.99, '2026-04-06', 'Bus'),
(534, 36, 6, 9144.75, '2026-03-05', 'Trip'),
(535, 36, 13, 8585.17, '2026-03-16', 'Books'),
(536, 36, 8, 2970.77, '2026-02-24', 'Lunch'),
(537, 36, 12, 6330.21, '2026-04-11', 'Electricity'),
(538, 36, 5, 9294.63, '2026-06-14', 'Trip'),
(539, 36, 1, 9357.37, '2026-06-08', 'Shopping'),
(540, 36, 1, 3589.65, '2026-06-07', 'Shopping'),
(541, 37, 6, 3018.59, '2026-01-28', 'Lunch'),
(542, 37, 6, 8907.45, '2026-02-17', 'Medicine'),
(543, 37, 6, 138.19, '2026-04-21', 'Shopping'),
(544, 37, 4, 893.20, '2026-05-12', 'Movie'),
(545, 37, 7, 1282.23, '2026-05-05', 'Lunch'),
(546, 37, 3, 7706.00, '2026-03-06', 'Electricity'),
(547, 37, 8, 3983.82, '2026-03-18', 'Fuel'),
(548, 37, 7, 8927.32, '2026-05-18', 'Books'),
(549, 37, 2, 9894.22, '2026-06-18', 'Shopping'),
(550, 37, 3, 1441.75, '2026-04-22', 'Lunch'),
(551, 37, 6, 8841.58, '2026-02-20', 'Bus'),
(552, 37, 4, 2884.75, '2026-02-04', 'Medicine'),
(553, 37, 7, 7452.04, '2026-01-09', 'Movie'),
(554, 37, 11, 2029.97, '2026-05-03', 'Books'),
(555, 37, 2, 4239.90, '2026-05-21', 'Shopping'),
(556, 38, 13, 6833.28, '2026-02-02', 'Fuel'),
(557, 38, 13, 7655.71, '2026-04-13', 'Trip'),
(558, 38, 12, 9239.43, '2026-04-10', 'Movie'),
(559, 38, 2, 9578.90, '2026-01-06', 'Movie'),
(560, 38, 3, 3474.00, '2026-01-04', 'Electricity'),
(561, 38, 1, 6799.19, '2026-03-29', 'Medicine'),
(562, 38, 10, 7387.44, '2026-04-22', 'Shopping'),
(563, 38, 5, 2858.12, '2026-01-22', 'Medicine'),
(564, 38, 4, 6195.25, '2026-05-11', 'Movie'),
(565, 38, 4, 2847.33, '2026-01-30', 'Books'),
(566, 38, 12, 2511.18, '2026-04-20', 'Electricity'),
(567, 38, 8, 7079.29, '2026-01-27', 'Trip'),
(568, 38, 10, 1852.82, '2026-06-01', 'Movie'),
(569, 38, 4, 1248.59, '2026-04-13', 'Lunch'),
(570, 38, 5, 9904.47, '2026-02-07', 'Medicine'),
(571, 39, 1, 6183.85, '2026-01-24', 'Lunch'),
(572, 39, 7, 4102.61, '2026-03-20', 'Electricity'),
(573, 39, 4, 3394.97, '2026-05-03', 'Lunch'),
(574, 39, 9, 4299.37, '2026-01-14', 'Books'),
(575, 39, 2, 2729.00, '2026-03-13', 'Fuel'),
(576, 39, 12, 4209.84, '2026-03-23', 'Lunch'),
(577, 39, 3, 456.85, '2026-01-14', 'Fuel'),
(578, 39, 4, 2888.90, '2026-03-13', 'Groceries'),
(579, 39, 2, 4337.53, '2026-03-06', 'Shopping'),
(580, 39, 6, 3376.11, '2026-01-29', 'Bus'),
(581, 39, 11, 185.93, '2026-05-22', 'Movie'),
(582, 39, 6, 3637.66, '2026-04-03', 'Groceries'),
(583, 39, 9, 6066.90, '2026-03-02', 'Books'),
(584, 39, 4, 5864.06, '2026-01-23', 'Bus'),
(585, 39, 3, 6314.11, '2026-06-04', 'Bus'),
(586, 40, 1, 5886.29, '2026-06-17', 'Electricity'),
(587, 40, 4, 7061.37, '2026-01-26', 'Bus'),
(588, 40, 9, 6209.15, '2026-03-19', 'Shopping'),
(589, 40, 13, 2059.89, '2026-02-09', 'Lunch'),
(590, 40, 3, 1957.48, '2026-05-21', 'Books'),
(591, 40, 13, 8541.71, '2026-05-24', 'Fuel'),
(592, 40, 6, 4512.40, '2026-01-31', 'Medicine'),
(593, 40, 2, 4854.07, '2026-05-15', 'Trip'),
(594, 40, 13, 267.66, '2026-06-03', 'Books'),
(595, 40, 12, 9676.50, '2026-03-16', 'Lunch'),
(596, 40, 10, 654.89, '2026-06-27', 'Electricity'),
(597, 40, 12, 8154.61, '2026-05-07', 'Trip'),
(598, 40, 9, 9716.81, '2026-02-12', 'Shopping'),
(599, 40, 13, 5117.32, '2026-05-24', 'Medicine'),
(600, 40, 7, 6091.82, '2026-02-22', 'Movie'),
(601, 41, 1, 1642.03, '2026-02-25', 'Groceries'),
(602, 41, 12, 138.17, '2026-05-12', 'Shopping'),
(603, 41, 9, 7092.15, '2026-05-15', 'Books'),
(604, 41, 5, 8532.13, '2026-03-17', 'Books'),
(605, 41, 9, 1235.08, '2026-02-27', 'Lunch'),
(606, 41, 9, 2420.26, '2026-01-11', 'Movie'),
(607, 41, 5, 9276.12, '2026-03-11', 'Lunch'),
(608, 41, 11, 9801.24, '2026-02-23', 'Trip'),
(609, 41, 2, 63.93, '2026-03-30', 'Groceries'),
(610, 41, 6, 3279.39, '2026-06-30', 'Trip'),
(611, 41, 5, 7234.69, '2026-04-15', 'Groceries'),
(612, 41, 5, 3280.12, '2026-01-15', 'Lunch'),
(613, 41, 6, 2231.83, '2026-03-13', 'Movie'),
(614, 41, 5, 9717.47, '2026-05-18', 'Groceries'),
(615, 41, 2, 7239.89, '2026-06-26', 'Medicine'),
(616, 42, 11, 2610.58, '2026-06-10', 'Groceries'),
(617, 42, 9, 2101.28, '2026-04-24', 'Electricity'),
(618, 42, 6, 2724.50, '2026-05-29', 'Medicine'),
(619, 42, 3, 4488.26, '2026-04-22', 'Fuel'),
(620, 42, 3, 9026.57, '2026-01-24', 'Shopping'),
(621, 42, 3, 4620.93, '2026-02-15', 'Electricity'),
(622, 42, 10, 4930.66, '2026-02-16', 'Books'),
(623, 42, 1, 3136.09, '2026-02-15', 'Medicine'),
(624, 42, 11, 6097.83, '2026-01-18', 'Movie'),
(625, 42, 2, 4292.63, '2026-04-27', 'Medicine'),
(626, 42, 2, 7256.85, '2026-02-05', 'Lunch'),
(627, 42, 10, 1042.31, '2026-04-09', 'Lunch'),
(628, 42, 2, 8274.29, '2026-06-14', 'Lunch'),
(629, 42, 3, 2521.01, '2026-01-22', 'Books'),
(630, 42, 3, 9389.05, '2026-06-03', 'Lunch'),
(631, 43, 13, 9665.29, '2026-01-28', 'Trip'),
(632, 43, 12, 8191.64, '2026-01-22', 'Electricity'),
(633, 43, 3, 4830.23, '2026-05-25', 'Shopping'),
(634, 43, 3, 3108.48, '2026-05-03', 'Movie'),
(635, 43, 4, 605.96, '2026-06-27', 'Books'),
(636, 43, 11, 5458.95, '2026-01-06', 'Lunch'),
(637, 43, 2, 5469.19, '2026-01-27', 'Trip'),
(638, 43, 7, 1461.26, '2026-02-27', 'Lunch'),
(639, 43, 4, 4300.00, '2026-02-07', 'Fuel'),
(640, 43, 11, 2904.12, '2026-06-25', 'Medicine'),
(641, 43, 11, 8848.03, '2026-01-29', 'Shopping'),
(642, 43, 3, 9908.14, '2026-02-27', 'Bus'),
(643, 43, 5, 3605.21, '2026-06-07', 'Fuel'),
(644, 43, 2, 3636.91, '2026-01-22', 'Lunch'),
(645, 43, 10, 1553.47, '2026-04-20', 'Trip'),
(646, 44, 6, 6016.13, '2026-06-23', 'Medicine'),
(647, 44, 3, 8936.52, '2026-06-25', 'Books'),
(648, 44, 10, 8184.75, '2026-03-31', 'Bus'),
(649, 44, 5, 9166.53, '2026-06-19', 'Fuel'),
(650, 44, 5, 8116.66, '2026-01-20', 'Lunch'),
(651, 44, 3, 7788.95, '2026-02-07', 'Fuel'),
(652, 44, 3, 3936.47, '2026-05-03', 'Bus'),
(653, 44, 2, 5799.54, '2026-03-13', 'Movie'),
(654, 44, 2, 3264.38, '2026-02-02', 'Movie'),
(655, 44, 13, 3880.92, '2026-03-23', 'Shopping'),
(656, 44, 7, 4838.82, '2026-04-16', 'Groceries'),
(657, 44, 13, 6384.21, '2026-02-05', 'Electricity'),
(658, 44, 7, 4215.66, '2026-05-08', 'Trip'),
(659, 44, 9, 4951.38, '2026-05-18', 'Electricity'),
(660, 44, 7, 882.00, '2026-04-18', 'Trip'),
(661, 45, 10, 7777.10, '2026-02-26', 'Bus'),
(662, 45, 4, 3649.01, '2026-02-22', 'Lunch'),
(663, 45, 6, 5605.83, '2026-02-04', 'Bus'),
(664, 45, 1, 9118.05, '2026-04-03', 'Movie'),
(665, 45, 5, 4630.86, '2026-05-22', 'Medicine'),
(666, 45, 4, 2146.84, '2026-02-27', 'Lunch'),
(667, 45, 12, 1421.12, '2026-06-28', 'Movie'),
(668, 45, 7, 7344.16, '2026-06-28', 'Medicine'),
(669, 45, 6, 588.13, '2026-01-28', 'Groceries'),
(670, 45, 2, 4794.42, '2026-06-02', 'Movie'),
(671, 45, 1, 1511.52, '2026-02-06', 'Bus'),
(672, 45, 4, 816.80, '2026-05-26', 'Medicine'),
(673, 45, 3, 7665.91, '2026-05-01', 'Movie'),
(674, 45, 12, 5298.13, '2026-03-18', 'Shopping'),
(675, 45, 7, 7239.45, '2026-04-24', 'Lunch'),
(676, 46, 5, 1157.10, '2026-01-16', 'Lunch'),
(677, 46, 10, 7523.77, '2026-05-09', 'Movie'),
(678, 46, 1, 3994.09, '2026-04-19', 'Shopping'),
(679, 46, 9, 7128.50, '2026-03-08', 'Groceries'),
(680, 46, 9, 3095.04, '2026-02-28', 'Medicine'),
(681, 46, 3, 2754.68, '2026-01-24', 'Trip'),
(682, 46, 7, 9780.37, '2026-02-02', 'Electricity'),
(683, 46, 7, 6209.49, '2026-02-26', 'Medicine'),
(684, 46, 3, 8233.92, '2026-05-24', 'Groceries'),
(685, 46, 2, 8174.76, '2026-04-30', 'Shopping'),
(686, 46, 6, 6544.36, '2026-04-14', 'Medicine'),
(687, 46, 3, 593.98, '2026-04-06', 'Medicine'),
(688, 46, 4, 2735.70, '2026-01-27', 'Bus'),
(689, 46, 6, 6051.74, '2026-03-27', 'Lunch'),
(690, 46, 4, 2857.96, '2026-05-19', 'Bus'),
(691, 47, 2, 2158.50, '2026-01-03', 'Books'),
(692, 47, 4, 5539.33, '2026-06-13', 'Lunch'),
(693, 47, 4, 2728.22, '2026-05-26', 'Groceries'),
(694, 47, 1, 5659.21, '2026-05-04', 'Lunch'),
(695, 47, 1, 3180.07, '2026-03-21', 'Lunch'),
(696, 47, 6, 7529.21, '2026-04-12', 'Trip'),
(697, 47, 4, 3179.00, '2026-04-11', 'Fuel'),
(698, 47, 3, 7041.44, '2026-01-25', 'Fuel'),
(699, 47, 7, 8970.29, '2026-05-09', 'Bus'),
(700, 47, 9, 8084.57, '2026-02-08', 'Lunch'),
(701, 47, 10, 7970.89, '2026-05-03', 'Groceries'),
(702, 47, 1, 2936.69, '2026-02-08', 'Shopping'),
(703, 47, 2, 8857.78, '2026-01-24', 'Electricity'),
(704, 47, 4, 8084.39, '2026-06-17', 'Movie'),
(705, 47, 13, 7199.62, '2026-05-09', 'Trip'),
(706, 48, 12, 6106.95, '2026-05-14', 'Fuel'),
(707, 48, 8, 7864.25, '2026-03-28', 'Books'),
(708, 48, 6, 6253.53, '2026-04-21', 'Lunch'),
(709, 48, 12, 7753.04, '2026-04-10', 'Electricity'),
(710, 48, 4, 9970.24, '2026-06-05', 'Bus'),
(711, 48, 3, 5690.66, '2026-05-08', 'Bus'),
(712, 48, 13, 198.67, '2026-03-21', 'Trip'),
(713, 48, 13, 7825.38, '2026-01-23', 'Shopping'),
(714, 48, 2, 4575.34, '2026-02-13', 'Books'),
(715, 48, 3, 728.21, '2026-05-28', 'Fuel'),
(716, 48, 6, 937.83, '2026-02-15', 'Shopping'),
(717, 48, 5, 9862.13, '2026-03-07', 'Shopping'),
(718, 48, 11, 9245.40, '2026-02-01', 'Groceries'),
(719, 48, 8, 443.95, '2026-03-15', 'Medicine'),
(720, 48, 7, 8577.16, '2026-06-24', 'Movie'),
(721, 49, 8, 3698.99, '2026-06-09', 'Fuel'),
(722, 49, 6, 880.73, '2026-04-16', 'Trip'),
(723, 49, 8, 2665.13, '2026-06-24', 'Lunch'),
(724, 49, 10, 9775.44, '2026-01-15', 'Electricity'),
(725, 49, 12, 8221.29, '2026-01-03', 'Movie'),
(726, 49, 2, 2942.07, '2026-02-10', 'Groceries'),
(727, 49, 7, 8545.60, '2026-02-27', 'Medicine'),
(728, 49, 8, 6708.05, '2026-03-31', 'Shopping'),
(729, 49, 8, 6442.72, '2026-04-30', 'Bus'),
(730, 49, 2, 1843.72, '2026-01-28', 'Medicine'),
(731, 49, 13, 4359.49, '2026-04-13', 'Fuel'),
(732, 49, 2, 3206.98, '2026-06-04', 'Shopping'),
(733, 49, 4, 7037.79, '2026-05-02', 'Bus'),
(734, 49, 5, 4573.06, '2026-05-20', 'Movie'),
(735, 49, 8, 1497.86, '2026-02-24', 'Fuel'),
(736, 50, 10, 361.67, '2026-06-03', 'Medicine'),
(737, 50, 1, 9367.77, '2026-04-03', 'Medicine'),
(738, 50, 8, 2173.54, '2026-02-24', 'Lunch'),
(739, 50, 13, 6852.53, '2026-03-11', 'Books'),
(740, 50, 11, 1802.25, '2026-02-06', 'Bus'),
(741, 50, 5, 4080.43, '2026-03-18', 'Shopping'),
(742, 50, 7, 5271.54, '2026-06-21', 'Books'),
(743, 50, 3, 8313.96, '2026-01-24', 'Medicine'),
(744, 50, 6, 9635.49, '2026-03-18', 'Movie'),
(745, 50, 4, 3525.30, '2026-04-18', 'Shopping'),
(746, 50, 8, 5378.29, '2026-02-11', 'Medicine'),
(747, 50, 6, 9130.35, '2026-05-27', 'Medicine'),
(748, 50, 1, 5631.04, '2026-06-02', 'Electricity'),
(749, 50, 2, 7241.10, '2026-05-29', 'Groceries'),
(750, 50, 3, 3271.14, '2026-03-23', 'Lunch'),
(751, 51, 3, 8970.19, '2026-02-07', 'Shopping'),
(752, 51, 6, 1180.39, '2026-06-22', 'Medicine'),
(753, 51, 5, 5230.88, '2026-01-01', 'Shopping'),
(754, 51, 3, 6361.22, '2026-06-13', 'Groceries'),
(755, 51, 2, 413.04, '2026-02-18', 'Medicine'),
(756, 51, 12, 5483.56, '2026-02-12', 'Groceries'),
(757, 51, 7, 2200.57, '2026-02-23', 'Electricity'),
(758, 51, 11, 5789.52, '2026-01-04', 'Fuel'),
(759, 51, 6, 211.10, '2026-03-20', 'Trip'),
(760, 51, 2, 7008.21, '2026-06-16', 'Shopping'),
(761, 51, 7, 4133.35, '2026-04-01', 'Trip'),
(762, 51, 7, 5255.54, '2026-03-27', 'Bus'),
(763, 51, 3, 4615.29, '2026-04-06', 'Movie'),
(764, 51, 9, 5969.17, '2026-05-19', 'Medicine'),
(765, 51, 7, 2886.03, '2026-06-18', 'Medicine'),
(766, 52, 11, 2868.32, '2026-06-08', 'Bus'),
(767, 52, 2, 8069.10, '2026-01-27', 'Bus'),
(768, 52, 11, 213.44, '2026-04-16', 'Bus'),
(769, 52, 8, 7511.94, '2026-06-09', 'Trip'),
(770, 52, 2, 6353.58, '2026-05-09', 'Groceries'),
(771, 52, 13, 374.72, '2026-03-16', 'Medicine'),
(772, 52, 4, 2267.65, '2026-04-27', 'Trip'),
(773, 52, 7, 1189.29, '2026-05-01', 'Bus'),
(774, 52, 6, 9677.78, '2026-04-29', 'Medicine'),
(775, 52, 11, 7053.16, '2026-04-12', 'Lunch'),
(776, 52, 6, 7832.85, '2026-05-10', 'Books'),
(777, 52, 5, 8802.09, '2026-03-09', 'Books'),
(778, 52, 13, 9097.91, '2026-06-22', 'Electricity'),
(779, 52, 1, 9006.86, '2026-04-17', 'Lunch'),
(780, 52, 1, 311.16, '2026-04-06', 'Trip'),
(781, 53, 12, 6019.46, '2026-03-27', 'Movie'),
(782, 53, 10, 9928.65, '2026-03-03', 'Trip'),
(783, 53, 7, 1966.97, '2026-06-14', 'Medicine'),
(784, 53, 1, 8023.25, '2026-05-28', 'Medicine'),
(785, 53, 3, 9396.95, '2026-04-10', 'Movie'),
(786, 53, 7, 9046.51, '2026-05-13', 'Movie'),
(787, 53, 7, 2348.15, '2026-02-02', 'Trip'),
(788, 53, 2, 6332.84, '2026-04-11', 'Books'),
(789, 53, 9, 1632.58, '2026-03-24', 'Electricity'),
(790, 53, 2, 977.99, '2026-04-22', 'Lunch'),
(791, 53, 11, 7711.82, '2026-02-09', 'Lunch'),
(792, 53, 10, 7090.38, '2026-01-21', 'Groceries'),
(793, 53, 7, 301.63, '2026-02-03', 'Shopping'),
(794, 53, 11, 6333.44, '2026-04-02', 'Movie'),
(795, 53, 4, 6542.60, '2026-02-26', 'Books'),
(796, 54, 4, 5377.40, '2026-03-04', 'Medicine'),
(797, 54, 13, 2641.77, '2026-01-14', 'Books'),
(798, 54, 2, 9353.01, '2026-06-10', 'Lunch'),
(799, 54, 11, 9848.74, '2026-01-27', 'Bus'),
(800, 54, 8, 9275.63, '2026-02-01', 'Bus'),
(801, 54, 3, 2860.51, '2026-02-16', 'Bus'),
(802, 54, 2, 4967.74, '2026-04-03', 'Electricity'),
(803, 54, 7, 1051.68, '2026-01-06', 'Medicine'),
(804, 54, 2, 4890.85, '2026-06-10', 'Bus'),
(805, 54, 4, 6889.00, '2026-04-07', 'Fuel'),
(806, 54, 11, 9087.61, '2026-02-11', 'Movie'),
(807, 54, 5, 150.90, '2026-02-15', 'Groceries'),
(808, 54, 11, 6086.22, '2026-01-09', 'Bus'),
(809, 54, 6, 9937.71, '2026-05-04', 'Groceries'),
(810, 54, 10, 5487.50, '2026-02-10', 'Trip'),
(811, 55, 12, 2582.29, '2026-02-01', 'Electricity'),
(812, 55, 10, 344.07, '2026-01-06', 'Trip'),
(813, 55, 9, 7621.56, '2026-02-25', 'Fuel'),
(814, 55, 2, 8990.80, '2026-01-08', 'Fuel'),
(815, 55, 3, 2236.62, '2026-06-27', 'Movie'),
(816, 55, 5, 2772.98, '2026-02-21', 'Bus'),
(817, 55, 6, 7095.43, '2026-06-16', 'Books'),
(818, 55, 8, 7464.68, '2026-05-07', 'Medicine'),
(819, 55, 9, 9466.14, '2026-02-19', 'Books'),
(820, 55, 3, 2018.87, '2026-03-13', 'Medicine'),
(821, 55, 2, 5857.30, '2026-05-31', 'Books'),
(822, 55, 3, 7951.29, '2026-05-05', 'Medicine'),
(823, 55, 8, 4266.19, '2026-03-11', 'Fuel'),
(824, 55, 10, 1120.21, '2026-04-09', 'Medicine'),
(825, 55, 4, 5693.06, '2026-04-06', 'Bus'),
(826, 56, 8, 1714.13, '2026-01-09', 'Trip'),
(827, 56, 5, 5889.35, '2026-03-17', 'Groceries'),
(828, 56, 11, 9506.26, '2026-05-16', 'Fuel'),
(829, 56, 7, 347.90, '2026-02-16', 'Fuel'),
(830, 56, 7, 7919.42, '2026-04-02', 'Electricity'),
(831, 56, 2, 2191.08, '2026-04-06', 'Fuel'),
(832, 56, 3, 7806.17, '2026-02-01', 'Lunch'),
(833, 56, 6, 6898.51, '2026-03-26', 'Electricity'),
(834, 56, 8, 5696.32, '2026-03-24', 'Electricity'),
(835, 56, 9, 709.04, '2026-03-14', 'Groceries'),
(836, 56, 4, 5296.26, '2026-01-27', 'Trip'),
(837, 56, 5, 7176.84, '2026-06-21', 'Bus'),
(838, 56, 10, 8932.01, '2026-04-18', 'Medicine'),
(839, 56, 6, 8143.28, '2026-02-20', 'Electricity'),
(840, 56, 1, 8037.12, '2026-05-08', 'Lunch'),
(841, 57, 5, 4241.31, '2026-02-01', 'Shopping'),
(842, 57, 3, 6034.24, '2026-06-01', 'Medicine'),
(843, 57, 4, 5785.32, '2026-03-14', 'Lunch'),
(844, 57, 11, 7843.89, '2026-05-28', 'Lunch'),
(845, 57, 8, 2879.44, '2026-04-14', 'Lunch'),
(846, 57, 9, 9184.44, '2026-01-11', 'Fuel'),
(847, 57, 11, 211.91, '2026-05-01', 'Bus'),
(848, 57, 13, 4180.03, '2026-03-19', 'Books'),
(849, 57, 6, 7549.24, '2026-04-13', 'Bus'),
(850, 57, 9, 7757.40, '2026-05-07', 'Groceries'),
(851, 57, 1, 3963.61, '2026-06-28', 'Shopping'),
(852, 57, 8, 8494.29, '2026-02-01', 'Fuel'),
(853, 57, 10, 1072.30, '2026-02-27', 'Lunch'),
(854, 57, 1, 1430.41, '2026-03-24', 'Medicine'),
(855, 57, 4, 1743.40, '2026-02-18', 'Fuel'),
(856, 58, 9, 9896.17, '2026-06-26', 'Lunch'),
(857, 58, 5, 8839.03, '2026-01-12', 'Bus'),
(858, 58, 1, 9474.09, '2026-01-20', 'Books'),
(859, 58, 6, 6894.82, '2026-04-08', 'Books'),
(860, 58, 12, 1744.87, '2026-02-05', 'Groceries'),
(861, 58, 8, 1243.02, '2026-03-23', 'Movie'),
(862, 58, 13, 5862.10, '2026-04-16', 'Shopping'),
(863, 58, 11, 1267.61, '2026-05-16', 'Electricity'),
(864, 58, 10, 4805.37, '2026-05-06', 'Books'),
(865, 58, 6, 7737.81, '2026-05-04', 'Electricity'),
(866, 58, 2, 2674.93, '2026-03-17', 'Bus'),
(867, 58, 6, 5607.23, '2026-03-04', 'Electricity'),
(868, 58, 12, 826.27, '2026-05-07', 'Lunch'),
(869, 58, 4, 180.62, '2026-02-25', 'Shopping'),
(870, 58, 7, 1919.78, '2026-01-27', 'Fuel'),
(871, 59, 4, 8149.25, '2026-05-16', 'Trip'),
(872, 59, 6, 7616.86, '2026-03-21', 'Shopping'),
(873, 59, 11, 1582.29, '2026-05-10', 'Bus'),
(874, 59, 3, 2226.91, '2026-04-04', 'Medicine'),
(875, 59, 8, 8685.19, '2026-05-12', 'Electricity'),
(876, 59, 13, 4032.04, '2026-01-18', 'Books'),
(877, 59, 7, 1683.75, '2026-03-20', 'Groceries'),
(878, 59, 11, 1065.54, '2026-04-29', 'Bus'),
(879, 59, 12, 1146.48, '2026-01-05', 'Shopping'),
(880, 59, 3, 2704.23, '2026-05-02', 'Trip'),
(881, 59, 8, 3551.97, '2026-01-31', 'Trip'),
(882, 59, 2, 3576.55, '2026-02-24', 'Movie'),
(883, 59, 7, 5046.79, '2026-05-11', 'Fuel'),
(884, 59, 1, 4441.34, '2026-04-05', 'Bus'),
(885, 59, 1, 6503.79, '2026-04-19', 'Electricity'),
(886, 60, 5, 1935.02, '2026-02-15', 'Groceries'),
(887, 60, 5, 5319.15, '2026-05-07', 'Trip'),
(888, 60, 7, 1136.39, '2026-01-13', 'Electricity'),
(889, 60, 2, 2234.82, '2026-01-14', 'Lunch'),
(890, 60, 10, 2698.47, '2026-01-17', 'Trip'),
(891, 60, 2, 2790.82, '2026-06-08', 'Medicine'),
(892, 60, 7, 3959.21, '2026-02-26', 'Books'),
(893, 60, 8, 2096.77, '2026-02-22', 'Fuel'),
(894, 60, 11, 2915.53, '2026-06-02', 'Books'),
(895, 60, 12, 80.91, '2026-02-17', 'Trip'),
(896, 60, 12, 6240.08, '2026-03-20', 'Electricity'),
(897, 60, 3, 3185.37, '2026-01-18', 'Movie'),
(898, 60, 3, 3354.95, '2026-04-27', 'Movie'),
(899, 60, 1, 6677.01, '2026-04-20', 'Fuel'),
(900, 60, 1, 1816.27, '2026-03-09', 'Bus'),
(901, 61, 3, 6808.07, '2026-01-03', 'Groceries'),
(902, 61, 6, 9696.94, '2026-05-30', 'Lunch'),
(903, 61, 8, 8738.52, '2026-05-01', 'Bus'),
(904, 61, 1, 8198.32, '2026-05-26', 'Books'),
(905, 61, 4, 5276.43, '2026-02-12', 'Movie'),
(906, 61, 13, 984.41, '2026-03-19', 'Fuel'),
(907, 61, 8, 4932.09, '2026-03-31', 'Trip'),
(908, 61, 5, 6650.91, '2026-03-06', 'Fuel'),
(909, 61, 8, 184.93, '2026-04-01', 'Books'),
(910, 61, 12, 3370.70, '2026-05-13', 'Groceries'),
(911, 61, 8, 1171.97, '2026-06-25', 'Trip'),
(912, 61, 12, 6416.01, '2026-02-07', 'Medicine'),
(913, 61, 4, 6610.70, '2026-02-06', 'Fuel'),
(914, 61, 8, 357.50, '2026-05-28', 'Medicine'),
(915, 61, 6, 2102.76, '2026-01-23', 'Electricity'),
(916, 62, 7, 6405.40, '2026-03-12', 'Trip'),
(917, 62, 8, 9873.95, '2026-05-15', 'Movie'),
(918, 62, 5, 9107.76, '2026-03-31', 'Fuel'),
(919, 62, 7, 5912.02, '2026-03-12', 'Books'),
(920, 62, 4, 458.94, '2026-05-14', 'Fuel'),
(921, 62, 10, 1273.46, '2026-04-27', 'Groceries'),
(922, 62, 13, 7933.79, '2026-03-15', 'Bus'),
(923, 62, 1, 5014.32, '2026-06-25', 'Movie'),
(924, 62, 8, 6825.18, '2026-05-14', 'Books'),
(925, 62, 10, 5603.50, '2026-02-11', 'Books'),
(926, 62, 8, 2918.19, '2026-03-17', 'Lunch'),
(927, 62, 8, 457.48, '2026-03-14', 'Groceries'),
(928, 62, 2, 579.27, '2026-03-20', 'Lunch'),
(929, 62, 7, 3554.94, '2026-01-01', 'Lunch'),
(930, 62, 5, 1420.30, '2026-03-14', 'Trip'),
(931, 63, 11, 9587.32, '2026-05-24', 'Movie'),
(932, 63, 2, 7146.31, '2026-02-06', 'Electricity'),
(933, 63, 7, 5872.99, '2026-01-21', 'Books'),
(934, 63, 4, 369.76, '2026-04-01', 'Electricity'),
(935, 63, 13, 6801.08, '2026-04-09', 'Medicine'),
(936, 1, 20, 2000.00, '2026-07-05', 'shopping'),
(937, 1, 21, 1000.00, '2026-07-02', 'parlour'),
(938, 1, 25, 2000.00, '2026-07-04', 'phone'),
(939, 1, 16, 899.00, '2026-07-06', 'recharge'),
(940, 1, 18, 1500.00, '2026-07-03', 'dinner');

-- --------------------------------------------------------

--
-- Table structure for table `income`
--

CREATE TABLE `income` (
  `income_id` int(11) NOT NULL,
  `user_id` int(11) NOT NULL,
  `amount` decimal(10,2) NOT NULL,
  `income_date` date DEFAULT NULL,
  `source` varchar(100) DEFAULT NULL
) ENGINE=InnoDB DEFAULT CHARSET=utf8mb4 COLLATE=utf8mb4_general_ci;

--
-- Dumping data for table `income`
--

INSERT INTO `income` (`income_id`, `user_id`, `amount`, `income_date`, `source`) VALUES
(3, 2, 21434.00, '0000-00-00', '2026-05-20'),
(4, 2, 19395.00, '0000-00-00', '2026-04-19'),
(5, 3, 11905.00, '0000-00-00', '2026-02-25'),
(6, 4, 74237.00, '0000-00-00', '2026-01-07'),
(7, 5, 34062.00, '0000-00-00', '2026-06-16'),
(8, 5, 99924.00, '0000-00-00', '2026-04-18'),
(9, 6, 66878.00, '0000-00-00', '2026-03-13'),
(10, 7, 28926.00, '0000-00-00', '2026-04-19'),
(11, 8, 44421.00, '0000-00-00', '2026-02-25'),
(12, 9, 21396.00, '0000-00-00', '2026-04-08'),
(13, 10, 55052.00, '0000-00-00', '2026-03-30'),
(14, 11, 42671.00, '0000-00-00', '2026-01-12'),
(15, 11, 68217.00, '0000-00-00', '2026-02-01'),
(16, 12, 18328.00, '0000-00-00', '2026-03-17'),
(17, 13, 89070.00, '0000-00-00', '2026-04-03'),
(18, 13, 83674.00, '0000-00-00', '2026-06-30'),
(19, 14, 14006.00, '0000-00-00', '2026-02-28'),
(20, 15, 18458.00, '0000-00-00', '2026-03-01'),
(21, 16, 57823.00, '0000-00-00', '2026-04-27'),
(22, 17, 55819.00, '0000-00-00', '2026-04-05'),
(23, 17, 54566.00, '0000-00-00', '2026-06-21'),
(24, 18, 99988.00, '0000-00-00', '2026-06-15'),
(25, 19, 87840.00, '0000-00-00', '2026-02-13'),
(26, 20, 40087.00, '0000-00-00', '2026-04-29'),
(27, 20, 57735.00, '0000-00-00', '2026-06-13'),
(28, 21, 81000.00, '0000-00-00', '2026-06-25'),
(29, 21, 50504.00, '0000-00-00', '2026-01-15'),
(30, 22, 12207.00, '0000-00-00', '2026-03-22'),
(31, 23, 43093.00, '0000-00-00', '2026-02-24'),
(32, 24, 49245.00, '0000-00-00', '2026-06-17'),
(33, 24, 73435.00, '0000-00-00', '2026-06-14'),
(34, 25, 26726.00, '0000-00-00', '2026-02-05'),
(35, 26, 81579.00, '0000-00-00', '2026-03-09'),
(36, 27, 84622.00, '0000-00-00', '2026-05-30'),
(37, 27, 60350.00, '0000-00-00', '2026-02-26'),
(38, 28, 74784.00, '0000-00-00', '2026-01-24'),
(39, 29, 22371.00, '0000-00-00', '2026-06-10'),
(40, 30, 97192.00, '0000-00-00', '2026-06-02'),
(41, 31, 58432.00, '0000-00-00', '2026-06-02'),
(42, 32, 77352.00, '0000-00-00', '2026-05-22'),
(43, 33, 97166.00, '0000-00-00', '2026-01-30'),
(44, 34, 78381.00, '0000-00-00', '2026-03-10'),
(45, 34, 92012.00, '0000-00-00', '2026-01-29'),
(46, 35, 64985.00, '0000-00-00', '2026-04-27'),
(47, 36, 42522.00, '0000-00-00', '2026-02-15'),
(48, 37, 21947.00, '0000-00-00', '2026-06-10'),
(49, 37, 47117.00, '0000-00-00', '2026-06-13'),
(50, 38, 87818.00, '0000-00-00', '2026-02-09'),
(51, 38, 57009.00, '0000-00-00', '2026-02-11'),
(52, 39, 77514.00, '0000-00-00', '2026-06-03'),
(53, 39, 50487.00, '0000-00-00', '2026-01-05'),
(54, 40, 55576.00, '0000-00-00', '2026-03-20'),
(55, 41, 15592.00, '0000-00-00', '2026-05-26'),
(56, 42, 19226.00, '0000-00-00', '2026-05-05'),
(57, 43, 77822.00, '0000-00-00', '2026-02-02'),
(58, 44, 94474.00, '0000-00-00', '2026-05-21'),
(59, 45, 42741.00, '0000-00-00', '2026-06-05'),
(60, 46, 35760.00, '0000-00-00', '2026-06-26'),
(61, 47, 48857.00, '0000-00-00', '2026-06-21'),
(62, 48, 56944.00, '0000-00-00', '2026-05-13'),
(63, 48, 67177.00, '0000-00-00', '2026-03-05'),
(64, 49, 16392.00, '0000-00-00', '2026-01-06'),
(65, 50, 80603.00, '0000-00-00', '2026-05-31'),
(66, 50, 36864.00, '0000-00-00', '2026-01-19'),
(67, 51, 90719.00, '0000-00-00', '2026-02-28'),
(68, 51, 16834.00, '0000-00-00', '2026-03-26'),
(69, 52, 75391.00, '0000-00-00', '2026-03-13'),
(70, 53, 71624.00, '0000-00-00', '2026-05-19'),
(71, 53, 25342.00, '0000-00-00', '2026-05-27'),
(72, 54, 69953.00, '0000-00-00', '2026-05-02'),
(73, 54, 61354.00, '0000-00-00', '2026-01-25'),
(74, 55, 94374.00, '0000-00-00', '2026-04-01'),
(75, 56, 61883.00, '0000-00-00', '2026-01-14'),
(76, 57, 93649.00, '0000-00-00', '2026-01-26'),
(77, 57, 15944.00, '0000-00-00', '2026-03-28'),
(78, 58, 40591.00, '0000-00-00', '2026-02-18'),
(79, 59, 66800.00, '0000-00-00', '2026-04-19'),
(80, 59, 32050.00, '0000-00-00', '2026-04-29'),
(81, 60, 17880.00, '0000-00-00', '2026-05-21'),
(82, 61, 14630.00, '0000-00-00', '2026-05-19'),
(83, 62, 20224.00, '0000-00-00', '2026-03-02'),
(84, 63, 61269.00, '0000-00-00', '2026-05-04'),
(85, 64, 60565.00, '0000-00-00', '2026-02-12'),
(86, 65, 8282.00, '0000-00-00', '2026-03-09'),
(87, 66, 45388.00, '0000-00-00', '2026-06-28'),
(88, 67, 80845.00, '0000-00-00', '2026-05-05'),
(89, 67, 28289.00, '0000-00-00', '2026-03-17'),
(90, 68, 15665.00, '0000-00-00', '2026-05-19'),
(91, 69, 49104.00, '0000-00-00', '2026-01-13'),
(92, 70, 70493.00, '0000-00-00', '2026-05-16'),
(93, 70, 28635.00, '0000-00-00', '2026-05-11'),
(94, 71, 32356.00, '0000-00-00', '2026-06-02'),
(95, 72, 96501.00, '0000-00-00', '2026-03-02'),
(96, 73, 23713.00, '0000-00-00', '2026-03-05'),
(97, 74, 85924.00, '0000-00-00', '2026-06-08'),
(98, 74, 18745.00, '0000-00-00', '2026-06-18'),
(99, 75, 82085.00, '0000-00-00', '2026-03-22'),
(100, 75, 42179.00, '0000-00-00', '2026-06-21'),
(101, 76, 49180.00, '0000-00-00', '2026-03-09'),
(102, 76, 59876.00, '0000-00-00', '2026-06-21'),
(103, 77, 47321.00, '0000-00-00', '2026-03-22'),
(104, 77, 17508.00, '0000-00-00', '2026-04-28'),
(105, 78, 81792.00, '0000-00-00', '2026-01-19'),
(106, 78, 78468.00, '0000-00-00', '2026-05-10'),
(107, 79, 25361.00, '0000-00-00', '2026-01-18'),
(108, 80, 56434.00, '0000-00-00', '2026-02-10'),
(109, 81, 79200.00, '0000-00-00', '2026-03-19'),
(110, 82, 93717.00, '0000-00-00', '2026-01-03'),
(111, 82, 95538.00, '0000-00-00', '2026-05-22'),
(112, 83, 94951.00, '0000-00-00', '2026-02-04'),
(113, 84, 23129.00, '0000-00-00', '2026-05-22'),
(114, 85, 43697.00, '0000-00-00', '2026-06-04'),
(115, 86, 52942.00, '0000-00-00', '2026-06-25'),
(116, 87, 42600.00, '0000-00-00', '2026-05-06'),
(117, 87, 40914.00, '0000-00-00', '2026-01-14'),
(118, 88, 91136.00, '0000-00-00', '2026-03-12'),
(119, 89, 8464.00, '0000-00-00', '2026-02-03'),
(120, 90, 42335.00, '0000-00-00', '2026-04-24'),
(121, 90, 80309.00, '0000-00-00', '2026-04-20'),
(122, 91, 9267.00, '0000-00-00', '2026-01-20'),
(123, 91, 98573.00, '0000-00-00', '2026-05-20'),
(124, 92, 56393.00, '0000-00-00', '2026-05-22'),
(125, 93, 64333.00, '0000-00-00', '2026-01-11'),
(126, 94, 55795.00, '0000-00-00', '2026-01-11'),
(127, 95, 35535.00, '0000-00-00', '2026-03-05'),
(128, 96, 21473.00, '0000-00-00', '2026-05-24'),
(129, 96, 61264.00, '0000-00-00', '2026-02-09'),
(130, 97, 29299.00, '0000-00-00', '2026-02-15'),
(131, 98, 11248.00, '0000-00-00', '2026-03-27'),
(132, 99, 95806.00, '0000-00-00', '2026-03-05'),
(133, 100, 28866.00, '0000-00-00', '2026-06-29'),
(134, 101, 58140.00, '0000-00-00', '2026-01-10'),
(135, 102, 37154.00, '0000-00-00', '2026-04-28'),
(136, 103, 48001.00, '0000-00-00', '2026-02-28'),
(137, 104, 11101.00, '0000-00-00', '2026-02-19'),
(138, 105, 51025.00, '0000-00-00', '2026-01-18'),
(139, 106, 54025.00, '0000-00-00', '2026-05-11'),
(140, 107, 97065.00, '0000-00-00', '2026-05-18'),
(141, 108, 11617.00, '0000-00-00', '2026-03-08'),
(142, 109, 84099.00, '0000-00-00', '2026-01-10'),
(143, 110, 86193.00, '0000-00-00', '2026-03-30'),
(144, 111, 49114.00, '0000-00-00', '2026-06-05'),
(145, 111, 75033.00, '0000-00-00', '2026-04-09'),
(146, 112, 32914.00, '0000-00-00', '2026-01-12'),
(147, 112, 65154.00, '0000-00-00', '2026-05-14'),
(148, 113, 98027.00, '0000-00-00', '2026-06-21'),
(149, 113, 33825.00, '0000-00-00', '2026-04-21'),
(150, 114, 95062.00, '0000-00-00', '2026-06-09'),
(151, 115, 94951.00, '0000-00-00', '2026-02-01'),
(152, 116, 47363.00, '0000-00-00', '2026-03-21'),
(153, 116, 95410.00, '0000-00-00', '2026-03-25'),
(154, 117, 99384.00, '0000-00-00', '2026-05-22'),
(155, 118, 33144.00, '0000-00-00', '2026-06-20'),
(156, 119, 96777.00, '0000-00-00', '2026-02-14'),
(157, 120, 82593.00, '0000-00-00', '2026-04-14'),
(158, 120, 79819.00, '0000-00-00', '2026-01-01'),
(159, 121, 45606.00, '0000-00-00', '2026-04-21'),
(160, 122, 87516.00, '0000-00-00', '2026-03-24'),
(161, 122, 68946.00, '0000-00-00', '2026-04-24'),
(162, 123, 36010.00, '0000-00-00', '2026-05-02'),
(163, 123, 30241.00, '0000-00-00', '2026-01-22'),
(164, 124, 75561.00, '0000-00-00', '2026-06-12'),
(165, 125, 51933.00, '0000-00-00', '2026-03-02'),
(166, 125, 96184.00, '0000-00-00', '2026-02-27'),
(167, 126, 27313.00, '0000-00-00', '2026-01-12'),
(168, 127, 70277.00, '0000-00-00', '2026-01-19'),
(169, 128, 62321.00, '0000-00-00', '2026-05-28'),
(170, 129, 99272.00, '0000-00-00', '2026-05-07'),
(171, 130, 39979.00, '0000-00-00', '2026-06-17'),
(172, 131, 8726.00, '0000-00-00', '2026-01-28'),
(173, 131, 63724.00, '0000-00-00', '2026-02-15'),
(174, 132, 75889.00, '0000-00-00', '2026-01-13'),
(175, 132, 81060.00, '0000-00-00', '2026-02-01'),
(176, 133, 25477.00, '0000-00-00', '2026-04-29'),
(177, 134, 77616.00, '0000-00-00', '2026-06-02'),
(178, 134, 49588.00, '0000-00-00', '2026-04-24'),
(179, 135, 74162.00, '0000-00-00', '2026-05-21'),
(180, 135, 66446.00, '0000-00-00', '2026-05-02'),
(181, 136, 41972.00, '0000-00-00', '2026-03-05'),
(182, 137, 44347.00, '0000-00-00', '2026-05-14'),
(183, 137, 71517.00, '0000-00-00', '2026-03-03'),
(184, 138, 65654.00, '0000-00-00', '2026-03-15'),
(185, 139, 43614.00, '0000-00-00', '2026-03-23'),
(186, 140, 18561.00, '0000-00-00', '2026-02-08'),
(187, 140, 38311.00, '0000-00-00', '2026-06-27'),
(188, 141, 36043.00, '0000-00-00', '2026-04-17'),
(189, 142, 51369.00, '0000-00-00', '2026-04-30'),
(190, 143, 16161.00, '0000-00-00', '2026-04-18'),
(191, 144, 84556.00, '0000-00-00', '2026-01-06'),
(192, 145, 57857.00, '0000-00-00', '2026-01-02'),
(193, 145, 54105.00, '0000-00-00', '2026-04-10'),
(194, 146, 78545.00, '0000-00-00', '2026-05-20'),
(195, 147, 36906.00, '0000-00-00', '2026-02-26'),
(196, 147, 43774.00, '0000-00-00', '2026-05-05'),
(197, 148, 58968.00, '0000-00-00', '2026-06-21'),
(198, 149, 60994.00, '0000-00-00', '2026-02-12'),
(199, 149, 69261.00, '0000-00-00', '2026-06-09'),
(200, 150, 11534.00, '0000-00-00', '2026-06-01'),
(201, 150, 81975.00, '0000-00-00', '2026-01-07'),
(202, 151, 92246.00, '0000-00-00', '2026-02-04'),
(203, 152, 31819.00, '0000-00-00', '2026-03-08'),
(204, 153, 50906.00, '0000-00-00', '2026-04-27'),
(205, 154, 52236.00, '0000-00-00', '2026-04-08'),
(206, 155, 63255.00, '0000-00-00', '2026-01-21'),
(207, 156, 10540.00, '0000-00-00', '2026-05-19'),
(208, 157, 53870.00, '0000-00-00', '2026-06-16'),
(209, 158, 93426.00, '0000-00-00', '2026-01-08'),
(210, 159, 34130.00, '0000-00-00', '2026-01-06'),
(211, 160, 27973.00, '0000-00-00', '2026-02-02'),
(212, 160, 70070.00, '0000-00-00', '2026-01-30'),
(213, 161, 36569.00, '0000-00-00', '2026-06-29'),
(214, 161, 41586.00, '0000-00-00', '2026-04-05'),
(215, 162, 87415.00, '0000-00-00', '2026-01-30'),
(216, 163, 48768.00, '0000-00-00', '2026-05-29'),
(217, 164, 48888.00, '0000-00-00', '2026-06-23'),
(218, 165, 59990.00, '0000-00-00', '2026-02-20'),
(219, 166, 85607.00, '0000-00-00', '2026-06-10'),
(220, 167, 21356.00, '0000-00-00', '2026-03-19'),
(221, 168, 86697.00, '0000-00-00', '2026-01-31'),
(222, 168, 82177.00, '0000-00-00', '2026-01-11'),
(223, 169, 77827.00, '0000-00-00', '2026-06-19'),
(224, 170, 17038.00, '0000-00-00', '2026-06-15'),
(225, 171, 9658.00, '0000-00-00', '2026-04-18'),
(226, 172, 21833.00, '0000-00-00', '2026-04-03'),
(227, 173, 68258.00, '0000-00-00', '2026-02-09'),
(228, 173, 65080.00, '0000-00-00', '2026-05-14'),
(229, 174, 43400.00, '0000-00-00', '2026-05-18'),
(230, 174, 71372.00, '0000-00-00', '2026-04-22'),
(231, 175, 85656.00, '0000-00-00', '2026-03-24'),
(232, 175, 40177.00, '0000-00-00', '2026-01-23'),
(233, 176, 67087.00, '0000-00-00', '2026-04-29'),
(234, 177, 87997.00, '0000-00-00', '2026-04-08'),
(235, 177, 52092.00, '0000-00-00', '2026-05-07'),
(236, 178, 31834.00, '0000-00-00', '2026-02-24'),
(237, 179, 41862.00, '0000-00-00', '2026-03-13'),
(238, 180, 99905.00, '0000-00-00', '2026-05-23'),
(239, 180, 9330.00, '0000-00-00', '2026-02-18'),
(240, 181, 39635.00, '0000-00-00', '2026-04-15'),
(241, 182, 80768.00, '0000-00-00', '2026-03-03'),
(242, 183, 70402.00, '0000-00-00', '2026-05-06'),
(243, 183, 66743.00, '0000-00-00', '2026-01-05'),
(244, 184, 46566.00, '0000-00-00', '2026-04-14'),
(245, 185, 39890.00, '0000-00-00', '2026-06-19'),
(246, 185, 84225.00, '0000-00-00', '2026-05-02'),
(247, 186, 77588.00, '0000-00-00', '2026-04-19'),
(248, 186, 80140.00, '0000-00-00', '2026-04-01'),
(249, 187, 67473.00, '0000-00-00', '2026-03-20'),
(250, 187, 40951.00, '0000-00-00', '2026-01-31'),
(251, 188, 33242.00, '0000-00-00', '2026-01-31'),
(252, 188, 78236.00, '0000-00-00', '2026-06-26'),
(253, 189, 33105.00, '0000-00-00', '2026-05-04'),
(254, 190, 85278.00, '0000-00-00', '2026-05-15'),
(255, 191, 45093.00, '0000-00-00', '2026-02-19'),
(256, 191, 46829.00, '0000-00-00', '2026-04-03'),
(257, 192, 47618.00, '0000-00-00', '2026-05-17'),
(258, 193, 43954.00, '0000-00-00', '2026-01-14'),
(259, 194, 46290.00, '0000-00-00', '2026-02-02'),
(260, 194, 91606.00, '0000-00-00', '2026-05-06'),
(261, 195, 9607.00, '0000-00-00', '2026-03-14'),
(262, 196, 70746.00, '0000-00-00', '2026-03-29'),
(263, 197, 14734.00, '0000-00-00', '2026-05-03'),
(264, 198, 16564.00, '0000-00-00', '2026-05-06'),
(265, 199, 83631.00, '0000-00-00', '2026-06-25'),
(266, 200, 27887.00, '0000-00-00', '2026-05-25'),
(267, 201, 19164.00, '0000-00-00', '2026-01-31'),
(268, 202, 62548.00, '0000-00-00', '2026-06-02'),
(269, 202, 89057.00, '0000-00-00', '2026-05-14'),
(270, 203, 67049.00, '0000-00-00', '2026-03-18'),
(271, 204, 64207.00, '0000-00-00', '2026-05-26'),
(272, 204, 89399.00, '0000-00-00', '2026-06-06'),
(273, 205, 21006.00, '0000-00-00', '2026-02-23'),
(274, 205, 89987.00, '0000-00-00', '2026-03-09'),
(275, 206, 18641.00, '0000-00-00', '2026-03-03'),
(276, 206, 30782.00, '0000-00-00', '2026-01-20'),
(277, 207, 8350.00, '0000-00-00', '2026-04-26'),
(278, 208, 85832.00, '0000-00-00', '2026-03-16'),
(279, 208, 12278.00, '0000-00-00', '2026-03-15'),
(280, 209, 45056.00, '0000-00-00', '2026-04-27'),
(281, 209, 17329.00, '0000-00-00', '2026-03-01'),
(282, 210, 89927.00, '0000-00-00', '2026-06-19'),
(283, 211, 63723.00, '0000-00-00', '2026-05-20'),
(284, 212, 92886.00, '0000-00-00', '2026-03-10'),
(285, 213, 17359.00, '0000-00-00', '2026-02-12'),
(286, 214, 85993.00, '0000-00-00', '2026-05-26'),
(287, 215, 65560.00, '0000-00-00', '2026-04-30'),
(288, 216, 47857.00, '0000-00-00', '2026-04-14'),
(289, 216, 43683.00, '0000-00-00', '2026-05-19'),
(290, 217, 65377.00, '0000-00-00', '2026-06-03'),
(291, 218, 64626.00, '0000-00-00', '2026-03-24'),
(292, 219, 40816.00, '0000-00-00', '2026-01-24'),
(293, 219, 38005.00, '0000-00-00', '2026-05-28'),
(294, 220, 10719.00, '0000-00-00', '2026-06-22'),
(295, 220, 43325.00, '0000-00-00', '2026-01-11'),
(296, 221, 69669.00, '0000-00-00', '2026-06-16'),
(297, 222, 44458.00, '0000-00-00', '2026-05-30'),
(298, 223, 91202.00, '0000-00-00', '2026-05-06'),
(299, 224, 69605.00, '0000-00-00', '2026-04-15'),
(300, 225, 50081.00, '0000-00-00', '2026-01-27'),
(301, 226, 51228.00, '0000-00-00', '2026-06-27'),
(302, 227, 45777.00, '0000-00-00', '2026-04-13'),
(303, 228, 12809.00, '0000-00-00', '2026-01-23'),
(304, 228, 49224.00, '0000-00-00', '2026-03-24'),
(305, 229, 60976.00, '0000-00-00', '2026-05-12'),
(306, 230, 94200.00, '0000-00-00', '2026-05-19'),
(307, 231, 62165.00, '0000-00-00', '2026-02-18'),
(308, 232, 55419.00, '0000-00-00', '2026-05-08'),
(309, 232, 89973.00, '0000-00-00', '2026-01-14'),
(310, 233, 43003.00, '0000-00-00', '2026-02-03'),
(311, 234, 65424.00, '0000-00-00', '2026-05-05'),
(312, 235, 11783.00, '0000-00-00', '2026-06-05'),
(313, 236, 28758.00, '0000-00-00', '2026-05-22'),
(314, 237, 80384.00, '0000-00-00', '2026-01-24'),
(315, 238, 22871.00, '0000-00-00', '2026-01-31'),
(316, 239, 28181.00, '0000-00-00', '2026-03-16'),
(317, 239, 74698.00, '0000-00-00', '2026-03-11'),
(318, 240, 71242.00, '0000-00-00', '2026-03-04'),
(319, 241, 80255.00, '0000-00-00', '2026-04-09'),
(320, 242, 86561.00, '0000-00-00', '2026-02-04'),
(321, 243, 44208.00, '0000-00-00', '2026-04-17'),
(322, 244, 74550.00, '0000-00-00', '2026-01-01'),
(323, 245, 47132.00, '0000-00-00', '2026-05-31'),
(324, 246, 94499.00, '0000-00-00', '2026-02-08'),
(325, 246, 66529.00, '0000-00-00', '2026-05-04'),
(326, 247, 51573.00, '0000-00-00', '2026-05-20'),
(327, 248, 67682.00, '0000-00-00', '2026-02-18'),
(328, 249, 39300.00, '0000-00-00', '2026-04-09'),
(329, 249, 38613.00, '0000-00-00', '2026-04-16'),
(330, 250, 49704.00, '0000-00-00', '2026-05-02'),
(331, 251, 57968.00, '0000-00-00', '2026-06-19'),
(332, 251, 93461.00, '0000-00-00', '2026-05-07'),
(333, 252, 24547.00, '0000-00-00', '2026-06-01'),
(334, 253, 21154.00, '0000-00-00', '2026-04-23'),
(335, 254, 76937.00, '0000-00-00', '2026-01-04'),
(336, 255, 26894.00, '0000-00-00', '2026-06-17'),
(337, 255, 28232.00, '0000-00-00', '2026-05-01'),
(338, 256, 52375.00, '0000-00-00', '2026-06-27'),
(339, 257, 93175.00, '0000-00-00', '2026-03-26'),
(340, 258, 77942.00, '0000-00-00', '2026-03-23'),
(341, 258, 90155.00, '0000-00-00', '2026-05-05'),
(342, 259, 12705.00, '0000-00-00', '2026-01-18'),
(343, 259, 38771.00, '0000-00-00', '2026-06-25'),
(344, 260, 37817.00, '0000-00-00', '2026-01-24'),
(345, 261, 20903.00, '0000-00-00', '2026-06-12'),
(346, 262, 21173.00, '0000-00-00', '2026-02-12'),
(347, 262, 98964.00, '0000-00-00', '2026-01-08'),
(348, 263, 50516.00, '0000-00-00', '2026-01-15'),
(349, 264, 54984.00, '0000-00-00', '2026-04-21'),
(350, 265, 40007.00, '0000-00-00', '2026-04-16'),
(351, 266, 97364.00, '0000-00-00', '2026-02-16'),
(352, 266, 30280.00, '0000-00-00', '2026-01-21'),
(353, 267, 58140.00, '0000-00-00', '2026-06-24'),
(354, 267, 39566.00, '0000-00-00', '2026-05-30'),
(355, 268, 38433.00, '0000-00-00', '2026-06-13'),
(356, 269, 68236.00, '0000-00-00', '2026-06-20'),
(357, 270, 68981.00, '0000-00-00', '2026-06-23'),
(358, 271, 28706.00, '0000-00-00', '2026-04-24'),
(359, 271, 53293.00, '0000-00-00', '2026-03-18'),
(360, 272, 63615.00, '0000-00-00', '2026-03-06'),
(361, 272, 67878.00, '0000-00-00', '2026-03-19'),
(362, 273, 58422.00, '0000-00-00', '2026-05-04'),
(363, 274, 39091.00, '0000-00-00', '2026-05-27'),
(364, 275, 83341.00, '0000-00-00', '2026-06-29'),
(365, 276, 10875.00, '0000-00-00', '2026-06-18'),
(366, 277, 43976.00, '0000-00-00', '2026-05-25'),
(367, 278, 14428.00, '0000-00-00', '2026-05-08'),
(368, 278, 45512.00, '0000-00-00', '2026-02-28'),
(369, 279, 54179.00, '0000-00-00', '2026-06-12'),
(370, 279, 32920.00, '0000-00-00', '2026-03-06'),
(371, 280, 94400.00, '0000-00-00', '2026-02-05'),
(372, 280, 90345.00, '0000-00-00', '2026-06-10'),
(373, 281, 13167.00, '0000-00-00', '2026-04-23'),
(374, 281, 12373.00, '0000-00-00', '2026-04-04'),
(375, 282, 25224.00, '0000-00-00', '2026-03-17'),
(376, 282, 50823.00, '0000-00-00', '2026-04-17'),
(377, 283, 34318.00, '0000-00-00', '2026-05-19'),
(378, 284, 77579.00, '0000-00-00', '2026-03-11'),
(379, 285, 41681.00, '0000-00-00', '2026-05-04'),
(380, 286, 52396.00, '0000-00-00', '2026-01-30'),
(381, 287, 17869.00, '0000-00-00', '2026-02-27'),
(382, 288, 96395.00, '0000-00-00', '2026-05-23'),
(383, 288, 55942.00, '0000-00-00', '2026-04-12'),
(384, 289, 42663.00, '0000-00-00', '2026-02-01'),
(385, 290, 56311.00, '0000-00-00', '2026-06-22'),
(386, 291, 84619.00, '0000-00-00', '2026-06-13'),
(387, 292, 22201.00, '0000-00-00', '2026-03-01'),
(388, 293, 11280.00, '0000-00-00', '2026-05-24'),
(389, 294, 87964.00, '0000-00-00', '2026-06-15'),
(390, 295, 91283.00, '0000-00-00', '2026-04-29'),
(391, 296, 47608.00, '0000-00-00', '2026-04-15'),
(392, 296, 23292.00, '0000-00-00', '2026-01-12'),
(393, 297, 47893.00, '0000-00-00', '2026-01-30'),
(394, 298, 38775.00, '0000-00-00', '2026-02-04'),
(395, 299, 67459.00, '0000-00-00', '2026-06-21'),
(396, 300, 99289.00, '0000-00-00', '2026-04-18'),
(397, 300, 84983.00, '0000-00-00', '2026-02-09'),
(398, 301, 93841.00, '0000-00-00', '2026-05-06'),
(399, 302, 61492.00, '0000-00-00', '2026-01-09'),
(400, 302, 98476.00, '0000-00-00', '2026-02-25'),
(401, 303, 66287.00, '0000-00-00', '2026-04-03'),
(402, 304, 97873.00, '0000-00-00', '2026-05-20'),
(403, 305, 55012.00, '0000-00-00', '2026-04-12'),
(404, 305, 44160.00, '0000-00-00', '2026-02-01'),
(405, 306, 20015.00, '0000-00-00', '2026-02-24'),
(406, 307, 91819.00, '0000-00-00', '2026-01-06'),
(407, 307, 14629.00, '0000-00-00', '2026-03-27'),
(408, 308, 24505.00, '0000-00-00', '2026-05-25'),
(409, 309, 16992.00, '0000-00-00', '2026-05-22'),
(410, 310, 84858.00, '0000-00-00', '2026-03-01'),
(411, 311, 27340.00, '0000-00-00', '2026-06-02'),
(412, 312, 44342.00, '0000-00-00', '2026-02-07'),
(413, 313, 78807.00, '0000-00-00', '2026-02-14'),
(414, 314, 94646.00, '0000-00-00', '2026-01-07'),
(415, 315, 9947.00, '0000-00-00', '2026-03-02'),
(416, 316, 50437.00, '0000-00-00', '2026-02-14'),
(417, 316, 42782.00, '0000-00-00', '2026-02-02'),
(418, 317, 63176.00, '0000-00-00', '2026-01-30'),
(419, 317, 16330.00, '0000-00-00', '2026-04-25'),
(420, 318, 75271.00, '0000-00-00', '2026-01-28'),
(421, 319, 74039.00, '0000-00-00', '2026-06-07'),
(422, 320, 94363.00, '0000-00-00', '2026-03-19'),
(423, 321, 92323.00, '0000-00-00', '2026-01-16'),
(424, 322, 60640.00, '0000-00-00', '2026-06-25'),
(425, 323, 72260.00, '0000-00-00', '2026-04-24'),
(426, 324, 18589.00, '0000-00-00', '2026-06-05'),
(427, 325, 16609.00, '0000-00-00', '2026-03-12'),
(428, 326, 90978.00, '0000-00-00', '2026-05-21'),
(429, 326, 50622.00, '0000-00-00', '2026-06-02'),
(430, 327, 46652.00, '0000-00-00', '2026-05-10'),
(431, 327, 87354.00, '0000-00-00', '2026-01-26'),
(432, 328, 22996.00, '0000-00-00', '2026-06-17'),
(433, 328, 93316.00, '0000-00-00', '2026-05-22'),
(434, 329, 36183.00, '0000-00-00', '2026-04-26'),
(435, 329, 37949.00, '0000-00-00', '2026-03-28'),
(436, 330, 60262.00, '0000-00-00', '2026-01-25'),
(437, 331, 63936.00, '0000-00-00', '2026-06-20'),
(438, 332, 57060.00, '0000-00-00', '2026-06-25'),
(439, 333, 16799.00, '0000-00-00', '2026-01-22'),
(440, 334, 64606.00, '0000-00-00', '2026-04-06'),
(441, 335, 80924.00, '0000-00-00', '2026-05-31'),
(442, 336, 81620.00, '0000-00-00', '2026-06-21'),
(443, 336, 24021.00, '0000-00-00', '2026-04-01'),
(444, 337, 63435.00, '0000-00-00', '2026-01-14'),
(445, 337, 45700.00, '0000-00-00', '2026-03-21'),
(446, 338, 21579.00, '0000-00-00', '2026-05-10'),
(447, 339, 28280.00, '0000-00-00', '2026-05-04'),
(448, 340, 22184.00, '0000-00-00', '2026-05-23'),
(449, 341, 23058.00, '0000-00-00', '2026-03-13'),
(450, 342, 37643.00, '0000-00-00', '2026-04-20'),
(451, 342, 81526.00, '0000-00-00', '2026-06-09'),
(452, 343, 96470.00, '0000-00-00', '2026-05-23'),
(453, 343, 11441.00, '0000-00-00', '2026-06-18'),
(454, 344, 43054.00, '0000-00-00', '2026-02-16'),
(455, 344, 43818.00, '0000-00-00', '2026-03-21'),
(456, 345, 54009.00, '0000-00-00', '2026-02-16'),
(457, 346, 82228.00, '0000-00-00', '2026-04-13'),
(458, 347, 26595.00, '0000-00-00', '2026-06-12'),
(459, 348, 20026.00, '0000-00-00', '2026-05-16'),
(460, 349, 57308.00, '0000-00-00', '2026-04-27'),
(461, 350, 28631.00, '0000-00-00', '2026-03-21'),
(462, 351, 50517.00, '0000-00-00', '2026-05-26'),
(463, 351, 86148.00, '0000-00-00', '2026-01-14'),
(464, 352, 28632.00, '0000-00-00', '2026-06-08'),
(465, 353, 96338.00, '0000-00-00', '2026-03-11'),
(466, 354, 94761.00, '0000-00-00', '2026-05-05'),
(467, 355, 65939.00, '0000-00-00', '2026-03-11'),
(468, 355, 36255.00, '0000-00-00', '2026-05-12'),
(469, 356, 53242.00, '0000-00-00', '2026-01-29'),
(470, 357, 96895.00, '0000-00-00', '2026-06-01'),
(471, 358, 77066.00, '0000-00-00', '2026-03-20'),
(472, 359, 36903.00, '0000-00-00', '2026-06-03'),
(473, 360, 9007.00, '0000-00-00', '2026-03-19'),
(474, 361, 25987.00, '0000-00-00', '2026-03-07'),
(475, 362, 51007.00, '0000-00-00', '2026-01-02'),
(476, 363, 64446.00, '0000-00-00', '2026-02-03'),
(477, 364, 77806.00, '0000-00-00', '2026-02-28'),
(478, 365, 81233.00, '0000-00-00', '2026-06-21'),
(479, 365, 54421.00, '0000-00-00', '2026-04-12'),
(480, 366, 13544.00, '0000-00-00', '2026-01-05'),
(481, 366, 68260.00, '0000-00-00', '2026-03-22'),
(482, 367, 64267.00, '0000-00-00', '2026-04-14'),
(483, 367, 91904.00, '0000-00-00', '2026-03-16'),
(484, 368, 61088.00, '0000-00-00', '2026-03-25'),
(485, 369, 89018.00, '0000-00-00', '2026-06-26'),
(486, 370, 19551.00, '0000-00-00', '2026-01-28'),
(487, 371, 65104.00, '0000-00-00', '2026-04-13'),
(488, 372, 18308.00, '0000-00-00', '2026-03-21'),
(489, 372, 52500.00, '0000-00-00', '2026-03-27'),
(490, 373, 18011.00, '0000-00-00', '2026-06-12'),
(491, 374, 77547.00, '0000-00-00', '2026-02-19'),
(492, 375, 54019.00, '0000-00-00', '2026-06-15'),
(493, 376, 38968.00, '0000-00-00', '2026-02-07'),
(494, 377, 33856.00, '0000-00-00', '2026-06-04'),
(495, 378, 93918.00, '0000-00-00', '2026-02-15'),
(496, 379, 72764.00, '0000-00-00', '2026-05-25'),
(497, 379, 83952.00, '0000-00-00', '2026-06-24'),
(498, 380, 92278.00, '0000-00-00', '2026-06-09'),
(499, 380, 50363.00, '0000-00-00', '2026-06-10'),
(500, 381, 27786.00, '0000-00-00', '2026-01-18'),
(501, 382, 65961.00, '0000-00-00', '2026-03-19'),
(502, 383, 85518.00, '0000-00-00', '2026-04-01'),
(503, 384, 17724.00, '0000-00-00', '2026-04-29'),
(504, 384, 67233.00, '0000-00-00', '2026-01-15'),
(505, 385, 45627.00, '0000-00-00', '2026-06-15'),
(506, 386, 88610.00, '0000-00-00', '2026-05-10'),
(507, 387, 68648.00, '0000-00-00', '2026-05-22'),
(508, 388, 13376.00, '0000-00-00', '2026-05-27'),
(509, 388, 93437.00, '0000-00-00', '2026-03-24'),
(510, 389, 70341.00, '0000-00-00', '2026-02-08'),
(511, 389, 16109.00, '0000-00-00', '2026-01-27'),
(512, 390, 19053.00, '0000-00-00', '2026-06-15'),
(513, 391, 13130.00, '0000-00-00', '2026-04-23'),
(514, 392, 76690.00, '0000-00-00', '2026-06-06'),
(515, 393, 55696.00, '0000-00-00', '2026-03-14'),
(516, 394, 61578.00, '0000-00-00', '2026-03-28'),
(517, 395, 86366.00, '0000-00-00', '2026-06-11'),
(518, 395, 92843.00, '0000-00-00', '2026-01-17'),
(519, 396, 20387.00, '0000-00-00', '2026-06-23'),
(520, 397, 45243.00, '0000-00-00', '2026-06-18'),
(521, 398, 27709.00, '0000-00-00', '2026-01-21'),
(522, 398, 84380.00, '0000-00-00', '2026-02-06'),
(523, 399, 48662.00, '0000-00-00', '2026-06-28'),
(524, 400, 59374.00, '0000-00-00', '2026-06-02'),
(525, 400, 19104.00, '0000-00-00', '2026-05-24'),
(526, 401, 92343.00, '0000-00-00', '2026-03-26'),
(527, 402, 95833.00, '0000-00-00', '2026-06-25'),
(528, 403, 20249.00, '0000-00-00', '2026-06-21'),
(529, 403, 63496.00, '0000-00-00', '2026-04-03'),
(530, 404, 55526.00, '0000-00-00', '2026-02-16'),
(531, 405, 52791.00, '0000-00-00', '2026-05-05'),
(532, 406, 37693.00, '0000-00-00', '2026-02-09'),
(533, 407, 46770.00, '0000-00-00', '2026-01-26'),
(534, 408, 78748.00, '0000-00-00', '2026-05-15'),
(535, 408, 12947.00, '0000-00-00', '2026-03-28'),
(536, 409, 25176.00, '0000-00-00', '2026-04-07'),
(537, 409, 28218.00, '0000-00-00', '2026-02-16'),
(538, 410, 89885.00, '0000-00-00', '2026-02-12'),
(539, 410, 65366.00, '0000-00-00', '2026-04-16'),
(540, 411, 96652.00, '0000-00-00', '2026-03-02'),
(541, 412, 88031.00, '0000-00-00', '2026-04-25'),
(542, 413, 77993.00, '0000-00-00', '2026-03-21'),
(543, 414, 33430.00, '0000-00-00', '2026-06-23'),
(544, 415, 65749.00, '0000-00-00', '2026-03-14'),
(545, 415, 58052.00, '0000-00-00', '2026-05-16'),
(546, 416, 29241.00, '0000-00-00', '2026-02-21'),
(547, 417, 26140.00, '0000-00-00', '2026-03-06'),
(548, 417, 14839.00, '0000-00-00', '2026-05-04'),
(549, 418, 80684.00, '0000-00-00', '2026-05-13'),
(550, 419, 45363.00, '0000-00-00', '2026-02-11'),
(551, 420, 66893.00, '0000-00-00', '2026-02-07'),
(552, 421, 20021.00, '0000-00-00', '2026-04-26'),
(553, 422, 11495.00, '0000-00-00', '2026-01-14'),
(554, 423, 73799.00, '0000-00-00', '2026-03-02'),
(555, 424, 18696.00, '0000-00-00', '2026-02-27'),
(556, 425, 49770.00, '0000-00-00', '2026-06-16'),
(557, 426, 27142.00, '0000-00-00', '2026-01-10'),
(558, 427, 69925.00, '0000-00-00', '2026-02-05'),
(559, 428, 69487.00, '0000-00-00', '2026-06-07'),
(560, 428, 8688.00, '0000-00-00', '2026-01-05'),
(561, 429, 36266.00, '0000-00-00', '2026-02-08'),
(562, 430, 87807.00, '0000-00-00', '2026-04-19'),
(563, 430, 22573.00, '0000-00-00', '2026-03-15'),
(564, 431, 47472.00, '0000-00-00', '2026-01-13'),
(565, 432, 63027.00, '0000-00-00', '2026-06-09'),
(566, 433, 16232.00, '0000-00-00', '2026-05-08'),
(567, 434, 78261.00, '0000-00-00', '2026-06-11'),
(568, 434, 75551.00, '0000-00-00', '2026-03-03'),
(569, 435, 26818.00, '0000-00-00', '2026-04-20'),
(570, 435, 8205.00, '0000-00-00', '2026-04-01'),
(571, 436, 82798.00, '0000-00-00', '2026-02-17'),
(572, 437, 95584.00, '0000-00-00', '2026-05-15'),
(573, 437, 55265.00, '0000-00-00', '2026-05-15'),
(574, 438, 74496.00, '0000-00-00', '2026-05-10'),
(575, 438, 80633.00, '0000-00-00', '2026-04-10'),
(576, 439, 13706.00, '0000-00-00', '2026-04-10'),
(577, 440, 41246.00, '0000-00-00', '2026-01-05'),
(578, 441, 16855.00, '0000-00-00', '2026-03-03'),
(579, 442, 94127.00, '0000-00-00', '2026-01-27'),
(580, 442, 84271.00, '0000-00-00', '2026-03-27'),
(581, 443, 13811.00, '0000-00-00', '2026-05-20'),
(582, 444, 92252.00, '0000-00-00', '2026-06-25'),
(583, 445, 99146.00, '0000-00-00', '2026-06-11'),
(584, 446, 25675.00, '0000-00-00', '2026-04-28'),
(585, 447, 46462.00, '0000-00-00', '2026-01-12'),
(586, 448, 13492.00, '0000-00-00', '2026-03-21'),
(587, 449, 60196.00, '0000-00-00', '2026-05-20'),
(588, 449, 70049.00, '0000-00-00', '2026-01-10'),
(589, 450, 33048.00, '0000-00-00', '2026-04-02'),
(590, 450, 14265.00, '0000-00-00', '2026-06-17'),
(591, 451, 43811.00, '0000-00-00', '2026-04-05'),
(592, 452, 60431.00, '0000-00-00', '2026-04-23'),
(593, 453, 52438.00, '0000-00-00', '2026-05-08'),
(594, 454, 73211.00, '0000-00-00', '2026-05-13'),
(595, 454, 42959.00, '0000-00-00', '2026-01-22'),
(596, 455, 63640.00, '0000-00-00', '2026-04-21'),
(597, 455, 86964.00, '0000-00-00', '2026-02-16'),
(598, 456, 46504.00, '0000-00-00', '2026-01-27'),
(599, 456, 18494.00, '0000-00-00', '2026-06-19'),
(600, 457, 48173.00, '0000-00-00', '2026-06-04'),
(601, 458, 63851.00, '0000-00-00', '2026-06-26'),
(602, 458, 66183.00, '0000-00-00', '2026-04-25'),
(603, 459, 54210.00, '0000-00-00', '2026-04-22'),
(604, 460, 91816.00, '0000-00-00', '2026-01-15'),
(605, 461, 95973.00, '0000-00-00', '2026-04-14'),
(606, 462, 75251.00, '0000-00-00', '2026-06-23'),
(607, 463, 12081.00, '0000-00-00', '2026-06-05'),
(608, 464, 65432.00, '0000-00-00', '2026-02-02'),
(609, 464, 16812.00, '0000-00-00', '2026-06-15'),
(610, 465, 55467.00, '0000-00-00', '2026-05-26'),
(611, 466, 87310.00, '0000-00-00', '2026-06-23'),
(612, 467, 56623.00, '0000-00-00', '2026-04-24'),
(613, 468, 83225.00, '0000-00-00', '2026-05-16'),
(614, 469, 60171.00, '0000-00-00', '2026-06-16'),
(615, 470, 40717.00, '0000-00-00', '2026-01-07'),
(616, 471, 32385.00, '0000-00-00', '2026-05-13'),
(617, 471, 58723.00, '0000-00-00', '2026-01-31'),
(618, 472, 42116.00, '0000-00-00', '2026-04-25'),
(619, 473, 88199.00, '0000-00-00', '2026-06-27'),
(620, 474, 34237.00, '0000-00-00', '2026-02-04'),
(621, 475, 67250.00, '0000-00-00', '2026-04-24'),
(622, 476, 97381.00, '0000-00-00', '2026-03-23'),
(623, 477, 53537.00, '0000-00-00', '2026-01-17'),
(624, 477, 80089.00, '0000-00-00', '2026-03-16'),
(625, 478, 28644.00, '0000-00-00', '2026-06-29'),
(626, 479, 30818.00, '0000-00-00', '2026-04-03'),
(627, 479, 74683.00, '0000-00-00', '2026-02-01'),
(628, 480, 26202.00, '0000-00-00', '2026-05-07'),
(629, 481, 55303.00, '0000-00-00', '2026-05-27'),
(630, 482, 69263.00, '0000-00-00', '2026-05-22'),
(631, 483, 88209.00, '0000-00-00', '2026-01-17'),
(632, 484, 60187.00, '0000-00-00', '2026-05-03'),
(633, 485, 61843.00, '0000-00-00', '2026-04-15'),
(634, 485, 83353.00, '0000-00-00', '2026-02-02'),
(635, 486, 92192.00, '0000-00-00', '2026-04-26'),
(636, 487, 97143.00, '0000-00-00', '2026-03-30'),
(637, 488, 80260.00, '0000-00-00', '2026-05-31'),
(638, 489, 24912.00, '0000-00-00', '2026-05-09'),
(639, 490, 24274.00, '0000-00-00', '2026-02-09'),
(640, 491, 29581.00, '0000-00-00', '2026-03-24'),
(641, 492, 37552.00, '0000-00-00', '2026-05-13'),
(642, 492, 45230.00, '0000-00-00', '2026-01-21'),
(643, 493, 33729.00, '0000-00-00', '2026-05-22'),
(644, 494, 24406.00, '0000-00-00', '2026-03-19'),
(645, 495, 77924.00, '0000-00-00', '2026-05-09'),
(646, 495, 92015.00, '0000-00-00', '2026-06-01'),
(647, 496, 28210.00, '0000-00-00', '2026-06-18'),
(648, 496, 89851.00, '0000-00-00', '2026-06-04'),
(649, 497, 81874.00, '0000-00-00', '2026-01-08'),
(650, 498, 13958.00, '0000-00-00', '2026-05-28'),
(651, 499, 93344.00, '0000-00-00', '2026-05-27'),
(652, 500, 89016.00, '0000-00-00', '2026-01-08'),
(653, 501, 90203.00, '0000-00-00', '2026-03-16'),
(654, 502, 47596.00, '0000-00-00', '2026-03-04'),
(655, 502, 97783.00, '0000-00-00', '2026-03-18'),
(656, 503, 17564.00, '0000-00-00', '2026-01-16'),
(657, 504, 65619.00, '0000-00-00', '2026-05-04'),
(658, 505, 34741.00, '0000-00-00', '2026-06-05'),
(659, 506, 48970.00, '0000-00-00', '2026-03-23'),
(660, 507, 53268.00, '0000-00-00', '2026-02-03'),
(661, 507, 56567.00, '0000-00-00', '2026-05-24'),
(662, 508, 49827.00, '0000-00-00', '2026-04-30'),
(663, 509, 43058.00, '0000-00-00', '2026-03-05'),
(664, 510, 20689.00, '0000-00-00', '2026-03-16'),
(665, 511, 88658.00, '0000-00-00', '2026-03-05'),
(666, 512, 50917.00, '0000-00-00', '2026-03-22'),
(667, 513, 28885.00, '0000-00-00', '2026-05-12'),
(668, 514, 73373.00, '0000-00-00', '2026-05-08'),
(669, 515, 19802.00, '0000-00-00', '2026-05-10'),
(670, 516, 39552.00, '0000-00-00', '2026-05-30'),
(671, 517, 14377.00, '0000-00-00', '2026-03-14'),
(672, 518, 86317.00, '0000-00-00', '2026-06-17'),
(673, 519, 69680.00, '0000-00-00', '2026-05-18'),
(674, 519, 9071.00, '0000-00-00', '2026-01-28'),
(675, 520, 25555.00, '0000-00-00', '2026-04-04'),
(676, 521, 55964.00, '0000-00-00', '2026-04-13'),
(677, 522, 82747.00, '0000-00-00', '2026-02-19'),
(678, 523, 80512.00, '0000-00-00', '2026-01-19'),
(679, 524, 74093.00, '0000-00-00', '2026-05-21'),
(680, 525, 89689.00, '0000-00-00', '2026-06-06'),
(681, 526, 24864.00, '0000-00-00', '2026-04-11'),
(682, 527, 52444.00, '0000-00-00', '2026-04-04'),
(683, 528, 34090.00, '0000-00-00', '2026-05-11'),
(684, 529, 73546.00, '0000-00-00', '2026-01-12'),
(685, 530, 25961.00, '0000-00-00', '2026-03-27'),
(686, 531, 76069.00, '0000-00-00', '2026-02-08'),
(687, 532, 75568.00, '0000-00-00', '2026-03-25'),
(688, 532, 88356.00, '0000-00-00', '2026-02-11'),
(689, 533, 88805.00, '0000-00-00', '2026-03-18'),
(690, 534, 52089.00, '0000-00-00', '2026-05-11'),
(691, 534, 77774.00, '0000-00-00', '2026-05-25'),
(692, 535, 70245.00, '0000-00-00', '2026-01-05'),
(779, 600, 63534.00, '0000-00-00', '2026-06-29'),
(948, 1, 50000.00, '2026-07-01', 'Salary'),
(949, 1, 2000.00, '2026-07-03', 'Gift'),
(950, 1, 15000.00, '2026-06-30', 'Freelance');

-- --------------------------------------------------------

--
-- Table structure for table `users`
--

CREATE TABLE `users` (
  `user_id` int(11) NOT NULL,
  `full_name` varchar(100) NOT NULL,
  `email` varchar(100) NOT NULL,
  `password` varchar(255) NOT NULL,
  `created_at` timestamp NOT NULL DEFAULT current_timestamp()
) ENGINE=InnoDB DEFAULT CHARSET=utf8mb4 COLLATE=utf8mb4_general_ci;

--
-- Dumping data for table `users`
--

INSERT INTO `users` (`user_id`, `full_name`, `email`, `password`, `created_at`) VALUES
(1, 'Arjun sharma', 'arjunsharma@gmail.com', 'password@123', '0000-00-00 00:00:00'),
(2, 'Vikram Patel', 'vikrampatel@gmail.com', 'Password@123', '2025-03-12 18:30:00'),
(3, 'Arjun Jain', 'arjunjain@gmail.com', 'Password@123', '2025-02-13 18:30:00'),
(4, 'Deepa Nair', 'deepanair@gmail.com', 'Password@123', '2025-01-16 18:30:00'),
(5, 'Rahul Kumar', 'rahulkumar@gmail.com', 'Password@123', '2025-04-21 18:30:00'),
(6, 'Vikram Jain', 'vikramjain@gmail.com', 'Password@123', '2025-11-04 18:30:00'),
(7, 'Rahul Jain', 'rahuljain@gmail.com', 'Password@123', '2025-04-11 18:30:00'),
(8, 'Varun Nair', 'varunnair@gmail.com', 'Password@123', '2025-04-22 18:30:00'),
(9, 'Divya Das', 'divyadas@gmail.com', 'Password@123', '2025-05-22 18:30:00'),
(10, 'Rahul Singh', 'rahulsingh@gmail.com', 'Password@123', '2025-12-23 18:30:00'),
(11, 'Sanjay Iyer', 'sanjayiyer@gmail.com', 'Password@123', '2025-05-22 18:30:00'),
(12, 'Karthik Patel', 'karthikpatel@gmail.com', 'Password@123', '2025-06-21 18:30:00'),
(13, 'Arjun Kumar', 'arjunkumar@gmail.com', 'Password@123', '2025-07-13 18:30:00'),
(14, 'Arjun Iyer', 'arjuniyer@gmail.com', 'Password@123', '2025-06-25 18:30:00'),
(15, 'Harish Reddy', 'harishreddy@gmail.com', 'Password@123', '2025-01-22 18:30:00'),
(16, 'Divya Jain', 'divyajain@gmail.com', 'Password@123', '2025-03-04 18:30:00'),
(17, 'Neha Kumar', 'nehakumar@gmail.com', 'Password@123', '2025-10-09 18:30:00'),
(18, 'Rohan Das', 'rohandas@gmail.com', 'Password@123', '2025-07-04 18:30:00'),
(19, 'Deepa Patel', 'deepapatel@gmail.com', 'Password@123', '2025-12-26 18:30:00'),
(20, 'Anjali Sharma', 'anjalisharma@gmail.com', 'Password@123', '2025-12-04 18:30:00'),
(21, 'Vikram Reddy', 'vikramreddy@gmail.com', 'Password@123', '2025-02-09 18:30:00'),
(22, 'Vikram Kumar', 'vikramkumar@gmail.com', 'Password@123', '2025-07-13 18:30:00'),
(23, 'Meera Gupta', 'meeragupta@gmail.com', 'Password@123', '2025-11-21 18:30:00'),
(24, 'Aman Singh', 'amansingh@gmail.com', 'Password@123', '2025-07-08 18:30:00'),
(25, 'Aman Patel', 'amanpatel@gmail.com', 'Password@123', '2025-12-09 18:30:00'),
(26, 'Meera Kumar', 'meerakumar@gmail.com', 'Password@123', '2025-11-07 18:30:00'),
(27, 'Sneha Jain', 'snehajain@gmail.com', 'Password@123', '2025-05-05 18:30:00'),
(28, 'Sneha Gupta', 'snehagupta@gmail.com', 'Password@123', '2025-07-13 18:30:00'),
(29, 'Meera Jain', 'meerajain@gmail.com', 'Password@123', '2025-04-22 18:30:00'),
(30, 'Pooja Sharma', 'poojasharma@gmail.com', 'Password@123', '2025-04-27 18:30:00'),
(31, 'Priya Iyer', 'priyaiyer@gmail.com', 'Password@123', '2025-07-24 18:30:00'),
(32, 'Meera Kumar', 'meerakumar1@gmail.com', 'Password@123', '2025-04-18 18:30:00'),
(33, 'Deepa Iyer', 'deepaiyer@gmail.com', 'Password@123', '2025-04-18 18:30:00'),
(34, 'Nikhil Nair', 'nikhilnair@gmail.com', 'Password@123', '2025-11-25 18:30:00'),
(35, 'Divya Singh', 'divyasingh@gmail.com', 'Password@123', '2025-05-15 18:30:00'),
(36, 'Karthik Patel', 'karthikpatel1@gmail.com', 'Password@123', '2025-10-14 18:30:00'),
(37, 'Varun Reddy', 'varunreddy@gmail.com', 'Password@123', '2025-10-26 18:30:00'),
(38, 'Sanjay Das', 'sanjaydas@gmail.com', 'Password@123', '2025-07-23 18:30:00'),
(39, 'Aman Patel', 'amanpatel1@gmail.com', 'Password@123', '2025-03-11 18:30:00'),
(40, 'Kavya Gupta', 'kavyagupta@gmail.com', 'Password@123', '2025-02-15 18:30:00'),
(41, 'Priya Kumar', 'priyakumar@gmail.com', 'Password@123', '2025-03-19 18:30:00'),
(42, 'Sneha Nair', 'snehanair@gmail.com', 'Password@123', '2025-11-01 18:30:00'),
(43, 'Anjali Nair', 'anjalinair@gmail.com', 'Password@123', '2025-07-14 18:30:00'),
(44, 'Harish Gupta', 'harishgupta@gmail.com', 'Password@123', '2025-09-27 18:30:00'),
(45, 'Meera Jain', 'meerajain1@gmail.com', 'Password@123', '2025-01-05 18:30:00'),
(46, 'Arjun Jain', 'arjunjain1@gmail.com', 'Password@123', '2025-05-16 18:30:00'),
(47, 'Pooja Kumar', 'poojakumar@gmail.com', 'Password@123', '2025-05-30 18:30:00'),
(48, 'Sanjay Singh', 'sanjaysingh@gmail.com', 'Password@123', '2025-08-20 18:30:00'),
(49, 'Rahul Reddy', 'rahulreddy@gmail.com', 'Password@123', '2025-09-13 18:30:00'),
(50, 'Sneha Jain', 'snehajain1@gmail.com', 'Password@123', '2025-02-23 18:30:00'),
(51, 'Rohan Jain', 'rohanjain@gmail.com', 'Password@123', '2025-11-07 18:30:00'),
(52, 'Aisha Singh', 'aishasingh@gmail.com', 'Password@123', '2025-07-10 18:30:00'),
(53, 'Sneha Jain', 'snehajain2@gmail.com', 'Password@123', '2025-09-28 18:30:00'),
(54, 'Rahul Das', 'rahuldas@gmail.com', 'Password@123', '2025-06-14 18:30:00'),
(55, 'Nikhil Sharma', 'nikhilsharma@gmail.com', 'Password@123', '2025-02-26 18:30:00'),
(56, 'Aman Reddy', 'amanreddy@gmail.com', 'Password@123', '2025-05-02 18:30:00'),
(57, 'Priya Patel', 'priyapatel@gmail.com', 'Password@123', '2025-10-17 18:30:00'),
(58, 'Anjali Kumar', 'anjalikumar@gmail.com', 'Password@123', '2025-09-05 18:30:00'),
(59, 'Anjali Jain', 'anjalijain@gmail.com', 'Password@123', '2025-03-05 18:30:00'),
(60, 'Karthik Gupta', 'karthikgupta@gmail.com', 'Password@123', '2025-10-08 18:30:00'),
(61, 'Sneha Reddy', 'snehareddy@gmail.com', 'Password@123', '2025-09-27 18:30:00'),
(62, 'Harish Nair', 'harishnair@gmail.com', 'Password@123', '2025-04-18 18:30:00'),
(63, 'Varun Patel', 'varunpatel@gmail.com', 'Password@123', '2025-12-31 18:30:00'),
(64, 'Rohan Nair', 'rohannair@gmail.com', 'Password@123', '2025-12-09 18:30:00'),
(65, 'Aman Gupta', 'amangupta@gmail.com', 'Password@123', '2025-09-21 18:30:00'),
(66, 'Divya Kumar', 'divyakumar@gmail.com', 'Password@123', '2025-05-06 18:30:00'),
(67, 'Vikram Kumar', 'vikramkumar1@gmail.com', 'Password@123', '2025-06-22 18:30:00'),
(68, 'Rahul Das', 'rahuldas1@gmail.com', 'Password@123', '2025-10-10 18:30:00'),
(69, 'Vikram Das', 'vikramdas@gmail.com', 'Password@123', '2025-04-22 18:30:00'),
(70, 'Rahul Kumar', 'rahulkumar1@gmail.com', 'Password@123', '2025-12-28 18:30:00'),
(71, 'Priya Patel', 'priyapatel1@gmail.com', 'Password@123', '2025-02-03 18:30:00'),
(72, 'Priya Iyer', 'priyaiyer1@gmail.com', 'Password@123', '2025-02-05 18:30:00'),
(73, 'Kavya Patel', 'kavyapatel@gmail.com', 'Password@123', '2025-05-22 18:30:00'),
(74, 'Nikhil Patel', 'nikhilpatel@gmail.com', 'Password@123', '2025-10-03 18:30:00'),
(75, 'Karthik Das', 'karthikdas@gmail.com', 'Password@123', '2025-10-22 18:30:00'),
(76, 'Nikhil Patel', 'nikhilpatel1@gmail.com', 'Password@123', '2025-08-30 18:30:00'),
(77, 'Sanjay Patel', 'sanjaypatel@gmail.com', 'Password@123', '2025-02-17 18:30:00'),
(78, 'Arjun Nair', 'arjunnair@gmail.com', 'Password@123', '2025-06-30 18:30:00'),
(79, 'Sanjay Nair', 'sanjaynair@gmail.com', 'Password@123', '2025-08-27 18:30:00'),
(80, 'Priya Kumar', 'priyakumar1@gmail.com', 'Password@123', '2025-01-31 18:30:00'),
(81, 'Neha Iyer', 'nehaiyer@gmail.com', 'Password@123', '2025-02-24 18:30:00'),
(82, 'Vikram Patel', 'vikrampatel1@gmail.com', 'Password@123', '2025-04-07 18:30:00'),
(83, 'Varun Gupta', 'varungupta@gmail.com', 'Password@123', '2025-03-12 18:30:00'),
(84, 'Sanjay Singh', 'sanjaysingh1@gmail.com', 'Password@123', '2025-05-22 18:30:00'),
(85, 'Divya Patel', 'divyapatel@gmail.com', 'Password@123', '2025-02-07 18:30:00'),
(86, 'Divya Jain', 'divyajain1@gmail.com', 'Password@123', '2025-02-19 18:30:00'),
(87, 'Priya Jain', 'priyajain@gmail.com', 'Password@123', '2025-01-07 18:30:00'),
(88, 'Anjali Patel', 'anjalipatel@gmail.com', 'Password@123', '2025-03-26 18:30:00'),
(89, 'Sanjay Gupta', 'sanjaygupta@gmail.com', 'Password@123', '2025-09-03 18:30:00'),
(90, 'Aisha Nair', 'aishanair@gmail.com', 'Password@123', '2025-01-30 18:30:00'),
(91, 'Sneha Nair', 'snehanair1@gmail.com', 'Password@123', '2025-01-01 18:30:00'),
(92, 'Neha Reddy', 'nehareddy@gmail.com', 'Password@123', '2025-08-20 18:30:00'),
(93, 'Rohan Nair', 'rohannair1@gmail.com', 'Password@123', '2025-12-22 18:30:00'),
(94, 'Varun Gupta', 'varungupta1@gmail.com', 'Password@123', '2025-03-20 18:30:00'),
(95, 'Aisha Reddy', 'aishareddy@gmail.com', 'Password@123', '2025-04-21 18:30:00'),
(96, 'Priya Das', 'priyadas@gmail.com', 'Password@123', '2025-10-04 18:30:00'),
(97, 'Priya Iyer', 'priyaiyer2@gmail.com', 'Password@123', '2025-01-29 18:30:00'),
(98, 'Priya Das', 'priyadas1@gmail.com', 'Password@123', '2025-09-01 18:30:00'),
(99, 'Kavya Jain', 'kavyajain@gmail.com', 'Password@123', '2025-03-21 18:30:00'),
(100, 'Priya Jain', 'priyajain1@gmail.com', 'Password@123', '2025-02-10 18:30:00'),
(101, 'Sneha Kumar', 'snehakumar@gmail.com', 'Password@123', '2025-10-31 18:30:00'),
(102, 'Anjali Patel', 'anjalipatel1@gmail.com', 'Password@123', '2025-07-25 18:30:00'),
(103, 'Arjun Das', 'arjundas@gmail.com', 'Password@123', '2025-05-06 18:30:00'),
(104, 'Deepa Das', 'deepadas@gmail.com', 'Password@123', '2025-01-20 18:30:00'),
(105, 'Harish Kumar', 'harishkumar@gmail.com', 'Password@123', '2025-08-02 18:30:00'),
(106, 'Deepa Das', 'deepadas1@gmail.com', 'Password@123', '2025-09-24 18:30:00'),
(107, 'Pooja Reddy', 'poojareddy@gmail.com', 'Password@123', '2025-04-14 18:30:00'),
(108, 'Pooja Patel', 'poojapatel@gmail.com', 'Password@123', '2025-05-15 18:30:00'),
(109, 'Neha Singh', 'nehasingh@gmail.com', 'Password@123', '2025-12-09 18:30:00'),
(110, 'Rohan Gupta', 'rohangupta@gmail.com', 'Password@123', '2025-06-10 18:30:00'),
(111, 'Anjali Sharma', 'anjalisharma1@gmail.com', 'Password@123', '2025-08-22 18:30:00'),
(112, 'Harish Das', 'harishdas@gmail.com', 'Password@123', '2025-02-20 18:30:00'),
(113, 'Anjali Jain', 'anjalijain1@gmail.com', 'Password@123', '2025-04-19 18:30:00'),
(114, 'Kavya Reddy', 'kavyareddy@gmail.com', 'Password@123', '2025-03-08 18:30:00'),
(115, 'Aman Kumar', 'amankumar@gmail.com', 'Password@123', '2025-05-05 18:30:00'),
(116, 'Aman Reddy', 'amanreddy1@gmail.com', 'Password@123', '2025-03-21 18:30:00'),
(117, 'Divya Jain', 'divyajain2@gmail.com', 'Password@123', '2025-12-26 18:30:00'),
(118, 'Rohan Das', 'rohandas1@gmail.com', 'Password@123', '2025-11-30 18:30:00'),
(119, 'Kavya Sharma', 'kavyasharma@gmail.com', 'Password@123', '2025-12-07 18:30:00'),
(120, 'Varun Reddy', 'varunreddy1@gmail.com', 'Password@123', '2025-12-05 18:30:00'),
(121, 'Arjun Singh', 'arjunsingh@gmail.com', 'Password@123', '2025-05-15 18:30:00'),
(122, 'Arjun Kumar', 'arjunkumar1@gmail.com', 'Password@123', '2025-10-10 18:30:00'),
(123, 'Karthik Reddy', 'karthikreddy@gmail.com', 'Password@123', '2025-05-24 18:30:00'),
(124, 'Harish Patel', 'harishpatel@gmail.com', 'Password@123', '2025-06-24 18:30:00'),
(125, 'Aisha Reddy', 'aishareddy1@gmail.com', 'Password@123', '2025-09-15 18:30:00'),
(126, 'Nikhil Reddy', 'nikhilreddy@gmail.com', 'Password@123', '2025-01-26 18:30:00'),
(127, 'Anjali Nair', 'anjalinair1@gmail.com', 'Password@123', '2025-05-21 18:30:00'),
(128, 'Priya Sharma', 'priyasharma@gmail.com', 'Password@123', '2025-06-19 18:30:00'),
(129, 'Karthik Reddy', 'karthikreddy1@gmail.com', 'Password@123', '2025-03-23 18:30:00'),
(130, 'Divya Jain', 'divyajain3@gmail.com', 'Password@123', '2025-12-27 18:30:00'),
(131, 'Sanjay Jain', 'sanjayjain@gmail.com', 'Password@123', '2025-01-04 18:30:00'),
(132, 'Arjun Kumar', 'arjunkumar2@gmail.com', 'Password@123', '2025-12-19 18:30:00'),
(133, 'Karthik Jain', 'karthikjain@gmail.com', 'Password@123', '2025-01-18 18:30:00'),
(134, 'Aman Das', 'amandas@gmail.com', 'Password@123', '2025-10-09 18:30:00'),
(135, 'Karthik Nair', 'karthiknair@gmail.com', 'Password@123', '2025-03-06 18:30:00'),
(136, 'Priya Reddy', 'priyareddy@gmail.com', 'Password@123', '2025-07-05 18:30:00'),
(137, 'Priya Iyer', 'priyaiyer3@gmail.com', 'Password@123', '2025-04-17 18:30:00'),
(138, 'Vikram Kumar', 'vikramkumar2@gmail.com', 'Password@123', '2025-06-30 18:30:00'),
(139, 'Varun Nair', 'varunnair1@gmail.com', 'Password@123', '2025-11-13 18:30:00'),
(140, 'Karthik Patel', 'karthikpatel2@gmail.com', 'Password@123', '2025-03-24 18:30:00'),
(141, 'Sneha Nair', 'snehanair2@gmail.com', 'Password@123', '2025-01-12 18:30:00'),
(142, 'Sneha Iyer', 'snehaiyer@gmail.com', 'Password@123', '2025-07-29 18:30:00'),
(143, 'Vikram Reddy', 'vikramreddy1@gmail.com', 'Password@123', '2025-03-22 18:30:00'),
(144, 'Arjun Nair', 'arjunnair1@gmail.com', 'Password@123', '2025-01-19 18:30:00'),
(145, 'Nikhil Patel', 'nikhilpatel2@gmail.com', 'Password@123', '2025-04-12 18:30:00'),
(146, 'Divya Iyer', 'divyaiyer@gmail.com', 'Password@123', '2025-06-05 18:30:00'),
(147, 'Vikram Patel', 'vikrampatel2@gmail.com', 'Password@123', '2025-01-12 18:30:00'),
(148, 'Aisha Nair', 'aishanair1@gmail.com', 'Password@123', '2025-06-17 18:30:00'),
(149, 'Meera Kumar', 'meerakumar2@gmail.com', 'Password@123', '2025-05-22 18:30:00'),
(150, 'Aman Jain', 'amanjain@gmail.com', 'Password@123', '2025-07-23 18:30:00'),
(151, 'Varun Iyer', 'varuniyer@gmail.com', 'Password@123', '2025-01-14 18:30:00'),
(152, 'Arjun Reddy', 'arjunreddy@gmail.com', 'Password@123', '2025-04-01 18:30:00'),
(153, 'Deepa Reddy', 'deepareddy@gmail.com', 'Password@123', '2025-01-19 18:30:00'),
(154, 'Arjun Das', 'arjundas1@gmail.com', 'Password@123', '2025-08-10 18:30:00'),
(155, 'Aman Iyer', 'amaniyer@gmail.com', 'Password@123', '2025-08-11 18:30:00'),
(156, 'Harish Jain', 'harishjain@gmail.com', 'Password@123', '2025-02-28 18:30:00'),
(157, 'Neha Das', 'nehadas@gmail.com', 'Password@123', '2025-04-07 18:30:00'),
(158, 'Meera Sharma', 'meerasharma@gmail.com', 'Password@123', '2025-12-28 18:30:00'),
(159, 'Sanjay Sharma', 'sanjaysharma@gmail.com', 'Password@123', '2025-09-23 18:30:00'),
(160, 'Varun Patel', 'varunpatel1@gmail.com', 'Password@123', '2025-07-05 18:30:00'),
(161, 'Sanjay Kumar', 'sanjaykumar@gmail.com', 'Password@123', '2025-12-06 18:30:00'),
(162, 'Pooja Das', 'poojadas@gmail.com', 'Password@123', '2025-06-09 18:30:00'),
(163, 'Arjun Reddy', 'arjunreddy1@gmail.com', 'Password@123', '2025-09-16 18:30:00'),
(164, 'Rohan Nair', 'rohannair2@gmail.com', 'Password@123', '2025-06-16 18:30:00'),
(165, 'Neha Reddy', 'nehareddy1@gmail.com', 'Password@123', '2025-10-10 18:30:00'),
(166, 'Karthik Patel', 'karthikpatel3@gmail.com', 'Password@123', '2025-08-03 18:30:00'),
(167, 'Neha Singh', 'nehasingh1@gmail.com', 'Password@123', '2025-11-11 18:30:00'),
(168, 'Deepa Reddy', 'deepareddy1@gmail.com', 'Password@123', '2025-07-26 18:30:00'),
(169, 'Varun Sharma', 'varunsharma@gmail.com', 'Password@123', '2025-06-04 18:30:00'),
(170, 'Rohan Patel', 'rohanpatel@gmail.com', 'Password@123', '2025-08-08 18:30:00'),
(171, 'Deepa Das', 'deepadas2@gmail.com', 'Password@123', '2025-12-01 18:30:00'),
(172, 'Pooja Gupta', 'poojagupta@gmail.com', 'Password@123', '2025-08-14 18:30:00'),
(173, 'Divya Patel', 'divyapatel1@gmail.com', 'Password@123', '2025-09-18 18:30:00'),
(174, 'Nikhil Singh', 'nikhilsingh@gmail.com', 'Password@123', '2025-12-03 18:30:00'),
(175, 'Anjali Reddy', 'anjalireddy@gmail.com', 'Password@123', '2025-09-20 18:30:00'),
(176, 'Harish Iyer', 'harishiyer@gmail.com', 'Password@123', '2025-02-16 18:30:00'),
(177, 'Vikram Reddy', 'vikramreddy2@gmail.com', 'Password@123', '2025-04-25 18:30:00'),
(178, 'Aisha Singh', 'aishasingh1@gmail.com', 'Password@123', '2025-01-12 18:30:00'),
(179, 'Priya Patel', 'priyapatel2@gmail.com', 'Password@123', '2025-08-31 18:30:00'),
(180, 'Harish Kumar', 'harishkumar1@gmail.com', 'Password@123', '2025-08-21 18:30:00'),
(181, 'Sanjay Das', 'sanjaydas1@gmail.com', 'Password@123', '2025-04-09 18:30:00'),
(182, 'Neha Gupta', 'nehagupta@gmail.com', 'Password@123', '2025-07-23 18:30:00'),
(183, 'Vikram Singh', 'vikramsingh@gmail.com', 'Password@123', '2025-12-01 18:30:00'),
(184, 'Rahul Kumar', 'rahulkumar2@gmail.com', 'Password@123', '2025-08-05 18:30:00'),
(185, 'Vikram Singh', 'vikramsingh1@gmail.com', 'Password@123', '2025-12-22 18:30:00'),
(186, 'Kavya Gupta', 'kavyagupta1@gmail.com', 'Password@123', '2025-01-25 18:30:00'),
(187, 'Varun Patel', 'varunpatel2@gmail.com', 'Password@123', '2025-03-03 18:30:00'),
(188, 'Divya Singh', 'divyasingh1@gmail.com', 'Password@123', '2025-08-25 18:30:00'),
(189, 'Kavya Jain', 'kavyajain1@gmail.com', 'Password@123', '2025-10-31 18:30:00'),
(190, 'Pooja Gupta', 'poojagupta1@gmail.com', 'Password@123', '2025-11-09 18:30:00'),
(191, 'Kavya Nair', 'kavyanair@gmail.com', 'Password@123', '2025-10-07 18:30:00'),
(192, 'Divya Singh', 'divyasingh2@gmail.com', 'Password@123', '2025-08-31 18:30:00'),
(193, 'Divya Reddy', 'divyareddy@gmail.com', 'Password@123', '2025-05-06 18:30:00'),
(194, 'Meera Jain', 'meerajain2@gmail.com', 'Password@123', '2025-09-05 18:30:00'),
(195, 'Vikram Reddy', 'vikramreddy3@gmail.com', 'Password@123', '2025-08-13 18:30:00'),
(196, 'Anjali Reddy', 'anjalireddy1@gmail.com', 'Password@123', '2025-04-30 18:30:00'),
(197, 'Meera Iyer', 'meeraiyer@gmail.com', 'Password@123', '2025-06-12 18:30:00'),
(198, 'Varun Kumar', 'varunkumar@gmail.com', 'Password@123', '2025-03-11 18:30:00'),
(199, 'Karthik Patel', 'karthikpatel4@gmail.com', 'Password@123', '2025-07-15 18:30:00'),
(200, 'Karthik Patel', 'karthikpatel5@gmail.com', 'Password@123', '2025-02-01 18:30:00'),
(201, 'Sanjay Nair', 'sanjaynair1@gmail.com', 'Password@123', '2025-06-18 18:30:00'),
(202, 'Varun Gupta', 'varungupta2@gmail.com', 'Password@123', '2025-07-31 18:30:00'),
(203, 'Priya Patel', 'priyapatel3@gmail.com', 'Password@123', '2025-08-03 18:30:00'),
(204, 'Neha Das', 'nehadas1@gmail.com', 'Password@123', '2025-12-22 18:30:00'),
(205, 'Rahul Das', 'rahuldas2@gmail.com', 'Password@123', '2025-07-13 18:30:00'),
(206, 'Nikhil Sharma', 'nikhilsharma1@gmail.com', 'Password@123', '2025-06-29 18:30:00'),
(207, 'Rohan Nair', 'rohannair3@gmail.com', 'Password@123', '2025-08-02 18:30:00'),
(208, 'Varun Jain', 'varunjain@gmail.com', 'Password@123', '2025-11-04 18:30:00'),
(209, 'Vikram Gupta', 'vikramgupta@gmail.com', 'Password@123', '2025-04-22 18:30:00'),
(210, 'Meera Nair', 'meeranair@gmail.com', 'Password@123', '2025-09-05 18:30:00'),
(211, 'Rahul Nair', 'rahulnair@gmail.com', 'Password@123', '2025-06-21 18:30:00'),
(212, 'Neha Singh', 'nehasingh2@gmail.com', 'Password@123', '2025-08-27 18:30:00'),
(213, 'Karthik Das', 'karthikdas1@gmail.com', 'Password@123', '2025-09-30 18:30:00'),
(214, 'Rahul Nair', 'rahulnair1@gmail.com', 'Password@123', '2025-10-30 18:30:00'),
(215, 'Deepa Sharma', 'deepasharma@gmail.com', 'Password@123', '2025-02-11 18:30:00'),
(216, 'Sanjay Singh', 'sanjaysingh2@gmail.com', 'Password@123', '2025-08-24 18:30:00'),
(217, 'Sneha Sharma', 'snehasharma@gmail.com', 'Password@123', '2025-05-13 18:30:00'),
(218, 'Neha Iyer', 'nehaiyer1@gmail.com', 'Password@123', '2025-04-18 18:30:00'),
(219, 'Divya Iyer', 'divyaiyer1@gmail.com', 'Password@123', '2025-06-21 18:30:00'),
(220, 'Neha Reddy', 'nehareddy2@gmail.com', 'Password@123', '2025-08-03 18:30:00'),
(221, 'Meera Kumar', 'meerakumar3@gmail.com', 'Password@123', '2025-08-28 18:30:00'),
(222, 'Rahul Jain', 'rahuljain1@gmail.com', 'Password@123', '2025-01-26 18:30:00'),
(223, 'Aman Patel', 'amanpatel2@gmail.com', 'Password@123', '2025-11-28 18:30:00'),
(224, 'Anjali Sharma', 'anjalisharma2@gmail.com', 'Password@123', '2025-01-15 18:30:00'),
(225, 'Vikram Patel', 'vikrampatel3@gmail.com', 'Password@123', '2025-01-10 18:30:00'),
(226, 'Harish Singh', 'harishsingh@gmail.com', 'Password@123', '2025-05-02 18:30:00'),
(227, 'Karthik Gupta', 'karthikgupta1@gmail.com', 'Password@123', '2025-12-08 18:30:00'),
(228, 'Arjun Das', 'arjundas2@gmail.com', 'Password@123', '2025-04-21 18:30:00'),
(229, 'Divya Reddy', 'divyareddy1@gmail.com', 'Password@123', '2025-07-07 18:30:00'),
(230, 'Sneha Das', 'snehadas@gmail.com', 'Password@123', '2025-11-06 18:30:00'),
(231, 'Arjun Singh', 'arjunsingh1@gmail.com', 'Password@123', '2025-06-08 18:30:00'),
(232, 'Arjun Das', 'arjundas3@gmail.com', 'Password@123', '2025-01-13 18:30:00'),
(233, 'Rohan Das', 'rohandas2@gmail.com', 'Password@123', '2025-12-12 18:30:00'),
(234, 'Neha Nair', 'nehanair@gmail.com', 'Password@123', '2025-04-11 18:30:00'),
(235, 'Anjali Das', 'anjalidas@gmail.com', 'Password@123', '2025-12-19 18:30:00'),
(236, 'Vikram Kumar', 'vikramkumar3@gmail.com', 'Password@123', '2025-12-22 18:30:00'),
(237, 'Rohan Das', 'rohandas3@gmail.com', 'Password@123', '2025-03-02 18:30:00'),
(238, 'Deepa Sharma', 'deepasharma1@gmail.com', 'Password@123', '2025-06-26 18:30:00'),
(239, 'Varun Nair', 'varunnair2@gmail.com', 'Password@123', '2025-12-04 18:30:00'),
(240, 'Aman Kumar', 'amankumar1@gmail.com', 'Password@123', '2025-09-16 18:30:00'),
(241, 'Pooja Sharma', 'poojasharma1@gmail.com', 'Password@123', '2025-08-03 18:30:00'),
(242, 'Nikhil Kumar', 'nikhilkumar@gmail.com', 'Password@123', '2025-08-09 18:30:00'),
(243, 'Aman Gupta', 'amangupta1@gmail.com', 'Password@123', '2025-12-28 18:30:00'),
(244, 'Karthik Nair', 'karthiknair1@gmail.com', 'Password@123', '2025-03-31 18:30:00'),
(245, 'Kavya Reddy', 'kavyareddy1@gmail.com', 'Password@123', '2025-11-11 18:30:00'),
(246, 'Varun Gupta', 'varungupta3@gmail.com', 'Password@123', '2025-08-26 18:30:00'),
(247, 'Sanjay Das', 'sanjaydas2@gmail.com', 'Password@123', '2025-05-17 18:30:00'),
(248, 'Pooja Patel', 'poojapatel1@gmail.com', 'Password@123', '2025-02-13 18:30:00'),
(249, 'Meera Gupta', 'meeragupta1@gmail.com', 'Password@123', '2025-05-04 18:30:00'),
(250, 'Divya Das', 'divyadas1@gmail.com', 'Password@123', '2025-11-08 18:30:00'),
(251, 'Neha Iyer', 'nehaiyer2@gmail.com', 'Password@123', '2025-01-14 18:30:00'),
(252, 'Nikhil Iyer', 'nikhiliyer@gmail.com', 'Password@123', '2025-04-03 18:30:00'),
(253, 'Nikhil Patel', 'nikhilpatel3@gmail.com', 'Password@123', '2025-06-30 18:30:00'),
(254, 'Meera Iyer', 'meeraiyer1@gmail.com', 'Password@123', '2025-05-23 18:30:00'),
(255, 'Harish Reddy', 'harishreddy1@gmail.com', 'Password@123', '2025-10-11 18:30:00'),
(256, 'Rahul Jain', 'rahuljain2@gmail.com', 'Password@123', '2025-04-07 18:30:00'),
(257, 'Anjali Patel', 'anjalipatel2@gmail.com', 'Password@123', '2025-07-27 18:30:00'),
(258, 'Nikhil Jain', 'nikhiljain@gmail.com', 'Password@123', '2025-05-03 18:30:00'),
(259, 'Nikhil Gupta', 'nikhilgupta@gmail.com', 'Password@123', '2025-08-17 18:30:00'),
(260, 'Rahul Kumar', 'rahulkumar3@gmail.com', 'Password@123', '2025-05-30 18:30:00'),
(261, 'Vikram Nair', 'vikramnair@gmail.com', 'Password@123', '2025-12-20 18:30:00'),
(262, 'Vikram Reddy', 'vikramreddy4@gmail.com', 'Password@123', '2025-12-05 18:30:00'),
(263, 'Deepa Iyer', 'deepaiyer1@gmail.com', 'Password@123', '2025-08-30 18:30:00'),
(264, 'Varun Jain', 'varunjain1@gmail.com', 'Password@123', '2025-06-25 18:30:00'),
(265, 'Sanjay Jain', 'sanjayjain1@gmail.com', 'Password@123', '2025-06-18 18:30:00'),
(266, 'Aman Gupta', 'amangupta2@gmail.com', 'Password@123', '2025-05-18 18:30:00'),
(267, 'Rohan Reddy', 'rohanreddy@gmail.com', 'Password@123', '2025-04-28 18:30:00'),
(268, 'Arjun Patel', 'arjunpatel@gmail.com', 'Password@123', '2025-06-10 18:30:00'),
(269, 'Arjun Jain', 'arjunjain2@gmail.com', 'Password@123', '2025-12-19 18:30:00'),
(270, 'Sneha Patel', 'snehapatel@gmail.com', 'Password@123', '2025-04-20 18:30:00'),
(271, 'Nikhil Reddy', 'nikhilreddy1@gmail.com', 'Password@123', '2025-10-28 18:30:00'),
(272, 'Kavya Das', 'kavyadas@gmail.com', 'Password@123', '2025-05-24 18:30:00'),
(273, 'Arjun Patel', 'arjunpatel1@gmail.com', 'Password@123', '2025-05-31 18:30:00'),
(274, 'Vikram Iyer', 'vikramiyer@gmail.com', 'Password@123', '2025-04-01 18:30:00'),
(275, 'Rohan Sharma', 'rohansharma@gmail.com', 'Password@123', '2025-12-28 18:30:00'),
(276, 'Varun Singh', 'varunsingh@gmail.com', 'Password@123', '2025-05-20 18:30:00'),
(277, 'Priya Sharma', 'priyasharma1@gmail.com', 'Password@123', '2025-10-10 18:30:00'),
(278, 'Rohan Singh', 'rohansingh@gmail.com', 'Password@123', '2025-11-22 18:30:00'),
(279, 'Nikhil Kumar', 'nikhilkumar1@gmail.com', 'Password@123', '2025-01-06 18:30:00'),
(280, 'Deepa Reddy', 'deepareddy2@gmail.com', 'Password@123', '2025-08-28 18:30:00'),
(281, 'Nikhil Gupta', 'nikhilgupta1@gmail.com', 'Password@123', '2025-06-23 18:30:00'),
(282, 'Sneha Sharma', 'snehasharma1@gmail.com', 'Password@123', '2025-05-09 18:30:00'),
(283, 'Nikhil Kumar', 'nikhilkumar2@gmail.com', 'Password@123', '2025-02-02 18:30:00'),
(284, 'Neha Gupta', 'nehagupta1@gmail.com', 'Password@123', '2025-02-06 18:30:00'),
(285, 'Deepa Sharma', 'deepasharma2@gmail.com', 'Password@123', '2025-03-18 18:30:00'),
(286, 'Karthik Das', 'karthikdas2@gmail.com', 'Password@123', '2025-06-04 18:30:00'),
(287, 'Anjali Patel', 'anjalipatel3@gmail.com', 'Password@123', '2025-03-01 18:30:00'),
(288, 'Varun Nair', 'varunnair3@gmail.com', 'Password@123', '2025-11-06 18:30:00'),
(289, 'Harish Das', 'harishdas1@gmail.com', 'Password@123', '2025-04-25 18:30:00'),
(290, 'Kavya Nair', 'kavyanair1@gmail.com', 'Password@123', '2025-08-18 18:30:00'),
(291, 'Divya Reddy', 'divyareddy2@gmail.com', 'Password@123', '2025-10-28 18:30:00'),
(292, 'Sanjay Reddy', 'sanjayreddy@gmail.com', 'Password@123', '2025-10-18 18:30:00'),
(293, 'Harish Sharma', 'harishsharma@gmail.com', 'Password@123', '2025-11-08 18:30:00'),
(294, 'Arjun Patel', 'arjunpatel2@gmail.com', 'Password@123', '2025-11-16 18:30:00'),
(295, 'Aisha Reddy', 'aishareddy2@gmail.com', 'Password@123', '2025-12-04 18:30:00'),
(296, 'Anjali Singh', 'anjalisingh@gmail.com', 'Password@123', '2025-05-02 18:30:00'),
(297, 'Sneha Jain', 'snehajain3@gmail.com', 'Password@123', '2025-02-07 18:30:00'),
(298, 'Sneha Sharma', 'snehasharma2@gmail.com', 'Password@123', '2025-07-28 18:30:00'),
(299, 'Divya Das', 'divyadas2@gmail.com', 'Password@123', '2025-08-28 18:30:00'),
(300, 'Rohan Sharma', 'rohansharma1@gmail.com', 'Password@123', '2025-04-28 18:30:00'),
(301, 'Rohan Reddy', 'rohanreddy1@gmail.com', 'Password@123', '2025-12-25 18:30:00'),
(302, 'Divya Kumar', 'divyakumar1@gmail.com', 'Password@123', '2025-12-17 18:30:00'),
(303, 'Vikram Reddy', 'vikramreddy5@gmail.com', 'Password@123', '2025-11-16 18:30:00'),
(304, 'Deepa Patel', 'deepapatel1@gmail.com', 'Password@123', '2025-08-05 18:30:00'),
(305, 'Arjun Jain', 'arjunjain3@gmail.com', 'Password@123', '2025-04-25 18:30:00'),
(306, 'Karthik Reddy', 'karthikreddy2@gmail.com', 'Password@123', '2025-03-13 18:30:00'),
(307, 'Anjali Sharma', 'anjalisharma3@gmail.com', 'Password@123', '2025-03-25 18:30:00'),
(308, 'Rohan Das', 'rohandas4@gmail.com', 'Password@123', '2025-10-18 18:30:00'),
(309, 'Rohan Gupta', 'rohangupta1@gmail.com', 'Password@123', '2025-03-04 18:30:00'),
(310, 'Divya Reddy', 'divyareddy3@gmail.com', 'Password@123', '2025-12-24 18:30:00'),
(311, 'Neha Reddy', 'nehareddy3@gmail.com', 'Password@123', '2025-09-13 18:30:00'),
(312, 'Varun Gupta', 'varungupta4@gmail.com', 'Password@123', '2025-08-12 18:30:00'),
(313, 'Anjali Das', 'anjalidas1@gmail.com', 'Password@123', '2025-01-20 18:30:00'),
(314, 'Sanjay Iyer', 'sanjayiyer1@gmail.com', 'Password@123', '2025-11-05 18:30:00'),
(315, 'Meera Sharma', 'meerasharma1@gmail.com', 'Password@123', '2025-02-15 18:30:00'),
(316, 'Vikram Das', 'vikramdas1@gmail.com', 'Password@123', '2025-10-27 18:30:00'),
(317, 'Rahul Reddy', 'rahulreddy1@gmail.com', 'Password@123', '2025-10-22 18:30:00'),
(318, 'Priya Singh', 'priyasingh@gmail.com', 'Password@123', '2025-08-28 18:30:00'),
(319, 'Kavya Gupta', 'kavyagupta2@gmail.com', 'Password@123', '2025-05-22 18:30:00'),
(320, 'Sneha Das', 'snehadas1@gmail.com', 'Password@123', '2025-08-11 18:30:00'),
(321, 'Nikhil Kumar', 'nikhilkumar3@gmail.com', 'Password@123', '2025-08-28 18:30:00'),
(322, 'Aman Nair', 'amannair@gmail.com', 'Password@123', '2025-06-19 18:30:00'),
(323, 'Pooja Kumar', 'poojakumar1@gmail.com', 'Password@123', '2025-03-23 18:30:00'),
(324, 'Pooja Nair', 'poojanair@gmail.com', 'Password@123', '2025-12-21 18:30:00'),
(325, 'Nikhil Reddy', 'nikhilreddy2@gmail.com', 'Password@123', '2025-12-05 18:30:00'),
(326, 'Neha Jain', 'nehajain@gmail.com', 'Password@123', '2025-01-18 18:30:00'),
(327, 'Divya Kumar', 'divyakumar2@gmail.com', 'Password@123', '2025-06-10 18:30:00'),
(328, 'Meera Iyer', 'meeraiyer2@gmail.com', 'Password@123', '2025-02-28 18:30:00'),
(329, 'Neha Jain', 'nehajain1@gmail.com', 'Password@123', '2024-12-31 18:30:00'),
(330, 'Varun Gupta', 'varungupta5@gmail.com', 'Password@123', '2025-07-30 18:30:00'),
(331, 'Priya Patel', 'priyapatel4@gmail.com', 'Password@123', '2025-09-22 18:30:00'),
(332, 'Aman Das', 'amandas1@gmail.com', 'Password@123', '2025-09-12 18:30:00'),
(333, 'Divya Sharma', 'divyasharma@gmail.com', 'Password@123', '2025-04-14 18:30:00'),
(334, 'Meera Jain', 'meerajain3@gmail.com', 'Password@123', '2025-03-08 18:30:00'),
(335, 'Rohan Gupta', 'rohangupta2@gmail.com', 'Password@123', '2025-12-23 18:30:00'),
(336, 'Nikhil Kumar', 'nikhilkumar4@gmail.com', 'Password@123', '2025-01-14 18:30:00'),
(337, 'Harish Patel', 'harishpatel1@gmail.com', 'Password@123', '2025-12-29 18:30:00'),
(338, 'Sneha Reddy', 'snehareddy1@gmail.com', 'Password@123', '2025-10-09 18:30:00'),
(339, 'Rahul Jain', 'rahuljain3@gmail.com', 'Password@123', '2025-07-27 18:30:00'),
(340, 'Anjali Patel', 'anjalipatel4@gmail.com', 'Password@123', '2025-02-27 18:30:00'),
(341, 'Divya Kumar', 'divyakumar3@gmail.com', 'Password@123', '2025-11-27 18:30:00'),
(342, 'Karthik Gupta', 'karthikgupta2@gmail.com', 'Password@123', '2025-05-29 18:30:00'),
(343, 'Kavya Reddy', 'kavyareddy2@gmail.com', 'Password@123', '2025-07-31 18:30:00'),
(344, 'Nikhil Gupta', 'nikhilgupta2@gmail.com', 'Password@123', '2025-05-04 18:30:00'),
(345, 'Divya Jain', 'divyajain4@gmail.com', 'Password@123', '2025-03-15 18:30:00'),
(346, 'Neha Patel', 'nehapatel@gmail.com', 'Password@123', '2025-11-02 18:30:00'),
(347, 'Kavya Singh', 'kavyasingh@gmail.com', 'Password@123', '2025-02-04 18:30:00'),
(348, 'Meera Nair', 'meeranair1@gmail.com', 'Password@123', '2025-06-23 18:30:00'),
(349, 'Kavya Reddy', 'kavyareddy3@gmail.com', 'Password@123', '2025-01-01 18:30:00'),
(350, 'Rohan Reddy', 'rohanreddy2@gmail.com', 'Password@123', '2025-10-27 18:30:00'),
(351, 'Deepa Gupta', 'deepagupta@gmail.com', 'Password@123', '2025-03-17 18:30:00'),
(352, 'Divya Jain', 'divyajain5@gmail.com', 'Password@123', '2025-09-04 18:30:00'),
(353, 'Aman Iyer', 'amaniyer1@gmail.com', 'Password@123', '2025-10-09 18:30:00'),
(354, 'Varun Nair', 'varunnair4@gmail.com', 'Password@123', '2025-08-21 18:30:00'),
(355, 'Pooja Patel', 'poojapatel2@gmail.com', 'Password@123', '2025-12-23 18:30:00'),
(356, 'Vikram Das', 'vikramdas2@gmail.com', 'Password@123', '2025-07-15 18:30:00'),
(357, 'Vikram Nair', 'vikramnair1@gmail.com', 'Password@123', '2025-01-22 18:30:00'),
(358, 'Pooja Gupta', 'poojagupta2@gmail.com', 'Password@123', '2025-12-27 18:30:00'),
(359, 'Neha Nair', 'nehanair1@gmail.com', 'Password@123', '2025-12-05 18:30:00'),
(360, 'Karthik Gupta', 'karthikgupta3@gmail.com', 'Password@123', '2025-01-18 18:30:00'),
(361, 'Karthik Jain', 'karthikjain1@gmail.com', 'Password@123', '2025-10-29 18:30:00'),
(362, 'Pooja Kumar', 'poojakumar2@gmail.com', 'Password@123', '2025-08-13 18:30:00'),
(363, 'Arjun Jain', 'arjunjain4@gmail.com', 'Password@123', '2025-08-21 18:30:00'),
(364, 'Rahul Singh', 'rahulsingh1@gmail.com', 'Password@123', '2025-07-28 18:30:00'),
(365, 'Karthik Kumar', 'karthikkumar@gmail.com', 'Password@123', '2025-08-28 18:30:00'),
(366, 'Meera Iyer', 'meeraiyer3@gmail.com', 'Password@123', '2025-11-15 18:30:00'),
(367, 'Neha Kumar', 'nehakumar1@gmail.com', 'Password@123', '2025-06-17 18:30:00'),
(368, 'Varun Nair', 'varunnair5@gmail.com', 'Password@123', '2025-06-11 18:30:00'),
(369, 'Nikhil Jain', 'nikhiljain1@gmail.com', 'Password@123', '2025-01-18 18:30:00'),
(370, 'Harish Kumar', 'harishkumar2@gmail.com', 'Password@123', '2025-04-30 18:30:00'),
(371, 'Rohan Patel', 'rohanpatel1@gmail.com', 'Password@123', '2025-02-15 18:30:00'),
(372, 'Sanjay Kumar', 'sanjaykumar1@gmail.com', 'Password@123', '2025-11-20 18:30:00'),
(373, 'Arjun Gupta', 'arjungupta@gmail.com', 'Password@123', '2025-03-26 18:30:00'),
(374, 'Rohan Sharma', 'rohansharma2@gmail.com', 'Password@123', '2025-01-23 18:30:00'),
(375, 'Pooja Sharma', 'poojasharma2@gmail.com', 'Password@123', '2025-05-30 18:30:00'),
(376, 'Aman Iyer', 'amaniyer2@gmail.com', 'Password@123', '2025-08-08 18:30:00'),
(377, 'Karthik Patel', 'karthikpatel6@gmail.com', 'Password@123', '2025-09-28 18:30:00'),
(378, 'Sanjay Das', 'sanjaydas3@gmail.com', 'Password@123', '2025-12-15 18:30:00'),
(379, 'Sneha Singh', 'snehasingh@gmail.com', 'Password@123', '2025-03-30 18:30:00'),
(380, 'Anjali Das', 'anjalidas2@gmail.com', 'Password@123', '2025-07-14 18:30:00'),
(381, 'Harish Patel', 'harishpatel2@gmail.com', 'Password@123', '2025-09-11 18:30:00'),
(382, 'Deepa Singh', 'deepasingh@gmail.com', 'Password@123', '2025-04-28 18:30:00'),
(383, 'Divya Reddy', 'divyareddy4@gmail.com', 'Password@123', '2025-08-23 18:30:00'),
(384, 'Meera Sharma', 'meerasharma2@gmail.com', 'Password@123', '2025-08-26 18:30:00'),
(385, 'Rohan Jain', 'rohanjain1@gmail.com', 'Password@123', '2025-03-21 18:30:00'),
(386, 'Anjali Gupta', 'anjaligupta@gmail.com', 'Password@123', '2025-06-25 18:30:00'),
(387, 'Deepa Reddy', 'deepareddy3@gmail.com', 'Password@123', '2025-11-23 18:30:00'),
(388, 'Sanjay Reddy', 'sanjayreddy1@gmail.com', 'Password@123', '2025-08-21 18:30:00'),
(389, 'Rohan Patel', 'rohanpatel2@gmail.com', 'Password@123', '2025-07-15 18:30:00'),
(390, 'Nikhil Kumar', 'nikhilkumar5@gmail.com', 'Password@123', '2025-05-01 18:30:00'),
(391, 'Neha Das', 'nehadas2@gmail.com', 'Password@123', '2025-07-02 18:30:00'),
(392, 'Deepa Reddy', 'deepareddy4@gmail.com', 'Password@123', '2025-12-24 18:30:00'),
(393, 'Rohan Sharma', 'rohansharma3@gmail.com', 'Password@123', '2025-12-03 18:30:00'),
(394, 'Neha Reddy', 'nehareddy4@gmail.com', 'Password@123', '2025-01-04 18:30:00'),
(395, 'Deepa Sharma', 'deepasharma3@gmail.com', 'Password@123', '2025-11-06 18:30:00'),
(396, 'Nikhil Reddy', 'nikhilreddy3@gmail.com', 'Password@123', '2025-04-27 18:30:00'),
(397, 'Harish Iyer', 'harishiyer1@gmail.com', 'Password@123', '2025-04-22 18:30:00'),
(398, 'Aisha Das', 'aishadas@gmail.com', 'Password@123', '2025-05-08 18:30:00'),
(399, 'Karthik Kumar', 'karthikkumar1@gmail.com', 'Password@123', '2025-11-17 18:30:00'),
(400, 'Priya Reddy', 'priyareddy1@gmail.com', 'Password@123', '2025-08-13 18:30:00'),
(401, 'Priya Das', 'priyadas2@gmail.com', 'Password@123', '2025-07-05 18:30:00'),
(402, 'Karthik Kumar', 'karthikkumar2@gmail.com', 'Password@123', '2025-05-31 18:30:00'),
(403, 'Pooja Nair', 'poojanair1@gmail.com', 'Password@123', '2025-03-30 18:30:00'),
(404, 'Aisha Singh', 'aishasingh2@gmail.com', 'Password@123', '2025-10-03 18:30:00'),
(405, 'Aman Jain', 'amanjain1@gmail.com', 'Password@123', '2025-09-13 18:30:00'),
(406, 'Meera Singh', 'meerasingh@gmail.com', 'Password@123', '2025-05-11 18:30:00'),
(407, 'Nikhil Reddy', 'nikhilreddy4@gmail.com', 'Password@123', '2025-06-22 18:30:00'),
(408, 'Arjun Gupta', 'arjungupta1@gmail.com', 'Password@123', '2025-02-07 18:30:00'),
(409, 'Karthik Patel', 'karthikpatel7@gmail.com', 'Password@123', '2025-12-12 18:30:00'),
(410, 'Neha Jain', 'nehajain2@gmail.com', 'Password@123', '2025-07-06 18:30:00'),
(411, 'Anjali Nair', 'anjalinair2@gmail.com', 'Password@123', '2025-01-07 18:30:00'),
(412, 'Meera Jain', 'meerajain4@gmail.com', 'Password@123', '2025-03-04 18:30:00'),
(413, 'Divya Iyer', 'divyaiyer2@gmail.com', 'Password@123', '2025-12-10 18:30:00'),
(414, 'Meera Das', 'meeradas@gmail.com', 'Password@123', '2025-07-14 18:30:00'),
(415, 'Aman Kumar', 'amankumar2@gmail.com', 'Password@123', '2025-12-11 18:30:00'),
(416, 'Vikram Gupta', 'vikramgupta1@gmail.com', 'Password@123', '2025-01-12 18:30:00'),
(417, 'Harish Jain', 'harishjain1@gmail.com', 'Password@123', '2025-06-16 18:30:00'),
(418, 'Harish Patel', 'harishpatel3@gmail.com', 'Password@123', '2025-11-27 18:30:00'),
(419, 'Anjali Gupta', 'anjaligupta1@gmail.com', 'Password@123', '2025-12-24 18:30:00'),
(420, 'Rohan Nair', 'rohannair4@gmail.com', 'Password@123', '2025-02-28 18:30:00'),
(421, 'Karthik Sharma', 'karthiksharma@gmail.com', 'Password@123', '2025-01-19 18:30:00'),
(422, 'Rohan Gupta', 'rohangupta3@gmail.com', 'Password@123', '2025-02-28 18:30:00'),
(423, 'Arjun Patel', 'arjunpatel3@gmail.com', 'Password@123', '2025-10-02 18:30:00'),
(424, 'Karthik Nair', 'karthiknair2@gmail.com', 'Password@123', '2025-08-20 18:30:00'),
(425, 'Aman Jain', 'amanjain2@gmail.com', 'Password@123', '2025-08-02 18:30:00'),
(426, 'Deepa Singh', 'deepasingh1@gmail.com', 'Password@123', '2025-07-31 18:30:00'),
(427, 'Arjun Gupta', 'arjungupta2@gmail.com', 'Password@123', '2025-11-11 18:30:00'),
(428, 'Sanjay Reddy', 'sanjayreddy2@gmail.com', 'Password@123', '2025-01-16 18:30:00'),
(429, 'Aman Patel', 'amanpatel3@gmail.com', 'Password@123', '2025-08-15 18:30:00'),
(430, 'Divya Patel', 'divyapatel2@gmail.com', 'Password@123', '2025-07-04 18:30:00'),
(431, 'Arjun Iyer', 'arjuniyer1@gmail.com', 'Password@123', '2025-10-05 18:30:00'),
(432, 'Aman Sharma', 'amansharma@gmail.com', 'Password@123', '2025-07-22 18:30:00'),
(433, 'Meera Patel', 'meerapatel@gmail.com', 'Password@123', '2025-03-03 18:30:00'),
(434, 'Divya Kumar', 'divyakumar4@gmail.com', 'Password@123', '2025-12-05 18:30:00'),
(435, 'Aisha Das', 'aishadas1@gmail.com', 'Password@123', '2025-01-10 18:30:00'),
(436, 'Priya Iyer', 'priyaiyer4@gmail.com', 'Password@123', '2025-05-04 18:30:00'),
(437, 'Karthik Das', 'karthikdas3@gmail.com', 'Password@123', '2025-04-15 18:30:00'),
(438, 'Anjali Jain', 'anjalijain2@gmail.com', 'Password@123', '2025-04-16 18:30:00'),
(439, 'Deepa Patel', 'deepapatel2@gmail.com', 'Password@123', '2025-04-29 18:30:00'),
(440, 'Pooja Singh', 'poojasingh@gmail.com', 'Password@123', '2025-11-01 18:30:00'),
(441, 'Rahul Reddy', 'rahulreddy2@gmail.com', 'Password@123', '2025-03-15 18:30:00'),
(442, 'Karthik Jain', 'karthikjain2@gmail.com', 'Password@123', '2025-05-08 18:30:00'),
(443, 'Sneha Kumar', 'snehakumar1@gmail.com', 'Password@123', '2025-12-04 18:30:00'),
(444, 'Rahul Singh', 'rahulsingh2@gmail.com', 'Password@123', '2025-01-07 18:30:00'),
(445, 'Aman Patel', 'amanpatel4@gmail.com', 'Password@123', '2025-10-28 18:30:00'),
(446, 'Pooja Sharma', 'poojasharma3@gmail.com', 'Password@123', '2025-03-30 18:30:00'),
(447, 'Meera Sharma', 'meerasharma3@gmail.com', 'Password@123', '2025-03-05 18:30:00'),
(448, 'Sanjay Jain', 'sanjayjain2@gmail.com', 'Password@123', '2025-02-27 18:30:00'),
(449, 'Anjali Gupta', 'anjaligupta2@gmail.com', 'Password@123', '2025-08-17 18:30:00'),
(450, 'Aman Jain', 'amanjain3@gmail.com', 'Password@123', '2025-10-30 18:30:00'),
(451, 'Arjun Gupta', 'arjungupta3@gmail.com', 'Password@123', '2025-09-14 18:30:00'),
(452, 'Vikram Das', 'vikramdas3@gmail.com', 'Password@123', '2025-01-22 18:30:00'),
(453, 'Kavya Reddy', 'kavyareddy4@gmail.com', 'Password@123', '2025-08-22 18:30:00'),
(454, 'Rahul Sharma', 'rahulsharma@gmail.com', 'Password@123', '2025-09-02 18:30:00'),
(455, 'Neha Nair', 'nehanair2@gmail.com', 'Password@123', '2025-12-17 18:30:00'),
(456, 'Arjun Gupta', 'arjungupta4@gmail.com', 'Password@123', '2025-12-30 18:30:00'),
(457, 'Divya Kumar', 'divyakumar5@gmail.com', 'Password@123', '2025-02-10 18:30:00'),
(458, 'Pooja Das', 'poojadas1@gmail.com', 'Password@123', '2025-03-16 18:30:00'),
(459, 'Anjali Singh', 'anjalisingh1@gmail.com', 'Password@123', '2025-05-20 18:30:00'),
(460, 'Harish Das', 'harishdas2@gmail.com', 'Password@123', '2025-10-07 18:30:00'),
(461, 'Pooja Nair', 'poojanair2@gmail.com', 'Password@123', '2025-11-01 18:30:00'),
(462, 'Kavya Reddy', 'kavyareddy5@gmail.com', 'Password@123', '2025-08-20 18:30:00'),
(463, 'Kavya Das', 'kavyadas1@gmail.com', 'Password@123', '2025-08-08 18:30:00'),
(464, 'Arjun Kumar', 'arjunkumar3@gmail.com', 'Password@123', '2025-12-01 18:30:00'),
(465, 'Varun Patel', 'varunpatel3@gmail.com', 'Password@123', '2025-08-08 18:30:00'),
(466, 'Divya Patel', 'divyapatel3@gmail.com', 'Password@123', '2025-07-30 18:30:00'),
(467, 'Pooja Gupta', 'poojagupta3@gmail.com', 'Password@123', '2025-07-23 18:30:00'),
(468, 'Sanjay Kumar', 'sanjaykumar2@gmail.com', 'Password@123', '2025-06-09 18:30:00'),
(469, 'Sanjay Iyer', 'sanjayiyer2@gmail.com', 'Password@123', '2025-12-06 18:30:00'),
(470, 'Meera Iyer', 'meeraiyer4@gmail.com', 'Password@123', '2025-03-19 18:30:00'),
(471, 'Nikhil Kumar', 'nikhilkumar6@gmail.com', 'Password@123', '2025-02-15 18:30:00'),
(472, 'Anjali Kumar', 'anjalikumar1@gmail.com', 'Password@123', '2025-08-09 18:30:00'),
(473, 'Arjun Iyer', 'arjuniyer2@gmail.com', 'Password@123', '2025-03-07 18:30:00'),
(474, 'Varun Sharma', 'varunsharma1@gmail.com', 'Password@123', '2025-10-27 18:30:00'),
(475, 'Varun Jain', 'varunjain2@gmail.com', 'Password@123', '2025-06-17 18:30:00'),
(476, 'Arjun Nair', 'arjunnair2@gmail.com', 'Password@123', '2025-06-30 18:30:00'),
(477, 'Sanjay Sharma', 'sanjaysharma1@gmail.com', 'Password@123', '2025-05-27 18:30:00'),
(478, 'Harish Reddy', 'harishreddy2@gmail.com', 'Password@123', '2025-06-29 18:30:00'),
(479, 'Arjun Das', 'arjundas4@gmail.com', 'Password@123', '2025-09-16 18:30:00'),
(480, 'Aisha Singh', 'aishasingh3@gmail.com', 'Password@123', '2025-12-02 18:30:00'),
(481, 'Nikhil Patel', 'nikhilpatel4@gmail.com', 'Password@123', '2025-02-24 18:30:00'),
(482, 'Aman Jain', 'amanjain4@gmail.com', 'Password@123', '2025-07-07 18:30:00'),
(483, 'Arjun Reddy', 'arjunreddy2@gmail.com', 'Password@123', '2025-10-20 18:30:00'),
(484, 'Vikram Nair', 'vikramnair2@gmail.com', 'Password@123', '2025-10-14 18:30:00'),
(485, 'Harish Das', 'harishdas3@gmail.com', 'Password@123', '2025-12-11 18:30:00'),
(486, 'Varun Sharma', 'varunsharma2@gmail.com', 'Password@123', '2025-11-07 18:30:00'),
(487, 'Meera Sharma', 'meerasharma4@gmail.com', 'Password@123', '2025-04-02 18:30:00'),
(488, 'Meera Reddy', 'meerareddy@gmail.com', 'Password@123', '2025-06-22 18:30:00'),
(489, 'Aman Sharma', 'amansharma1@gmail.com', 'Password@123', '2025-04-02 18:30:00'),
(490, 'Karthik Das', 'karthikdas4@gmail.com', 'Password@123', '2025-12-02 18:30:00'),
(491, 'Neha Kumar', 'nehakumar2@gmail.com', 'Password@123', '2025-03-13 18:30:00'),
(492, 'Rahul Kumar', 'rahulkumar4@gmail.com', 'Password@123', '2025-09-28 18:30:00'),
(493, 'Aisha Nair', 'aishanair2@gmail.com', 'Password@123', '2025-08-02 18:30:00'),
(494, 'Divya Iyer', 'divyaiyer3@gmail.com', 'Password@123', '2025-03-21 18:30:00'),
(495, 'Aman Reddy', 'amanreddy2@gmail.com', 'Password@123', '2025-06-15 18:30:00'),
(496, 'Deepa Das', 'deepadas3@gmail.com', 'Password@123', '2025-02-12 18:30:00'),
(497, 'Priya Singh', 'priyasingh1@gmail.com', 'Password@123', '2025-03-21 18:30:00'),
(498, 'Harish Sharma', 'harishsharma1@gmail.com', 'Password@123', '2025-12-11 18:30:00'),
(499, 'Anjali Reddy', 'anjalireddy2@gmail.com', 'Password@123', '2025-08-14 18:30:00'),
(500, 'Sanjay Gupta', 'sanjaygupta1@gmail.com', 'Password@123', '2025-11-06 18:30:00'),
(501, 'Divya Nair', 'divyanair@gmail.com', 'Password@123', '2025-05-19 18:30:00'),
(502, 'Aisha Jain', 'aishajain@gmail.com', 'Password@123', '2025-02-27 18:30:00'),
(503, 'Aman Nair', 'amannair1@gmail.com', 'Password@123', '2025-02-25 18:30:00'),
(504, 'Rohan Das', 'rohandas5@gmail.com', 'Password@123', '2025-09-06 18:30:00'),
(505, 'Kavya Reddy', 'kavyareddy6@gmail.com', 'Password@123', '2025-01-23 18:30:00'),
(506, 'Vikram Nair', 'vikramnair3@gmail.com', 'Password@123', '2025-11-02 18:30:00'),
(507, 'Priya Sharma', 'priyasharma2@gmail.com', 'Password@123', '2025-04-14 18:30:00'),
(508, 'Rohan Patel', 'rohanpatel3@gmail.com', 'Password@123', '2025-03-11 18:30:00'),
(509, 'Meera Reddy', 'meerareddy1@gmail.com', 'Password@123', '2025-06-16 18:30:00'),
(510, 'Arjun Sharma', 'arjunsharma1@gmail.com', 'Password@123', '2025-09-11 18:30:00'),
(511, 'Sanjay Singh', 'sanjaysingh3@gmail.com', 'Password@123', '2025-03-07 18:30:00'),
(512, 'Neha Jain', 'nehajain3@gmail.com', 'Password@123', '2025-12-26 18:30:00'),
(513, 'Vikram Jain', 'vikramjain1@gmail.com', 'Password@123', '2025-10-13 18:30:00'),
(514, 'Aman Kumar', 'amankumar3@gmail.com', 'Password@123', '2025-07-22 18:30:00'),
(515, 'Priya Nair', 'priyanair@gmail.com', 'Password@123', '2025-01-09 18:30:00'),
(516, 'Divya Kumar', 'divyakumar6@gmail.com', 'Password@123', '2025-06-09 18:30:00'),
(517, 'Deepa Nair', 'deepanair1@gmail.com', 'Password@123', '2025-10-20 18:30:00'),
(518, 'Neha Nair', 'nehanair3@gmail.com', 'Password@123', '2025-05-28 18:30:00'),
(519, 'Arjun Nair', 'arjunnair3@gmail.com', 'Password@123', '2025-01-10 18:30:00'),
(520, 'Pooja Singh', 'poojasingh1@gmail.com', 'Password@123', '2025-11-12 18:30:00'),
(521, 'Divya Iyer', 'divyaiyer4@gmail.com', 'Password@123', '2025-02-14 18:30:00'),
(522, 'Sanjay Kumar', 'sanjaykumar3@gmail.com', 'Password@123', '2025-05-04 18:30:00'),
(523, 'Sanjay Das', 'sanjaydas4@gmail.com', 'Password@123', '2025-07-24 18:30:00'),
(524, 'Kavya Kumar', 'kavyakumar@gmail.com', 'Password@123', '2025-07-21 18:30:00'),
(525, 'Rohan Iyer', 'rohaniyer@gmail.com', 'Password@123', '2025-04-23 18:30:00'),
(526, 'Pooja Singh', 'poojasingh2@gmail.com', 'Password@123', '2025-02-08 18:30:00'),
(527, 'Kavya Kumar', 'kavyakumar1@gmail.com', 'Password@123', '2025-09-28 18:30:00'),
(528, 'Kavya Patel', 'kavyapatel1@gmail.com', 'Password@123', '2025-06-27 18:30:00'),
(529, 'Aman Singh', 'amansingh1@gmail.com', 'Password@123', '2025-04-30 18:30:00'),
(530, 'Arjun Singh', 'arjunsingh2@gmail.com', 'Password@123', '2025-05-11 18:30:00'),
(531, 'Aisha Singh', 'aishasingh4@gmail.com', 'Password@123', '2025-11-04 18:30:00'),
(532, 'Karthik Kumar', 'karthikkumar3@gmail.com', 'Password@123', '2025-03-31 18:30:00'),
(533, 'Nikhil Gupta', 'nikhilgupta3@gmail.com', 'Password@123', '2025-10-15 18:30:00'),
(534, 'Deepa Gupta', 'deepagupta1@gmail.com', 'Password@123', '2025-12-14 18:30:00'),
(535, 'Deepa Das', 'deepadas4@gmail.com', 'Password@123', '2025-06-14 18:30:00'),
(600, 'san', 'san@gmail.com', 'password@123', '2026-07-05 09:47:59');

--
-- Indexes for dumped tables
--

--
-- Indexes for table `budgets`
--
ALTER TABLE `budgets`
  ADD PRIMARY KEY (`budget_id`),
  ADD KEY `user_id` (`user_id`);

--
-- Indexes for table `categories`
--
ALTER TABLE `categories`
  ADD PRIMARY KEY (`category_id`);

--
-- Indexes for table `expenses`
--
ALTER TABLE `expenses`
  ADD PRIMARY KEY (`expense_id`),
  ADD KEY `user_id` (`user_id`),
  ADD KEY `category_id` (`category_id`);

--
-- Indexes for table `income`
--
ALTER TABLE `income`
  ADD PRIMARY KEY (`income_id`),
  ADD KEY `user_id` (`user_id`);

--
-- Indexes for table `users`
--
ALTER TABLE `users`
  ADD PRIMARY KEY (`user_id`),
  ADD UNIQUE KEY `email` (`email`);

--
-- AUTO_INCREMENT for dumped tables
--

--
-- AUTO_INCREMENT for table `budgets`
--
ALTER TABLE `budgets`
  MODIFY `budget_id` int(11) NOT NULL AUTO_INCREMENT, AUTO_INCREMENT=1012;

--
-- AUTO_INCREMENT for table `categories`
--
ALTER TABLE `categories`
  MODIFY `category_id` int(11) NOT NULL AUTO_INCREMENT, AUTO_INCREMENT=26;

--
-- AUTO_INCREMENT for table `expenses`
--
ALTER TABLE `expenses`
  MODIFY `expense_id` int(11) NOT NULL AUTO_INCREMENT, AUTO_INCREMENT=941;

--
-- AUTO_INCREMENT for table `income`
--
ALTER TABLE `income`
  MODIFY `income_id` int(11) NOT NULL AUTO_INCREMENT, AUTO_INCREMENT=951;

--
-- AUTO_INCREMENT for table `users`
--
ALTER TABLE `users`
  MODIFY `user_id` int(11) NOT NULL AUTO_INCREMENT, AUTO_INCREMENT=601;

--
-- Constraints for dumped tables
--

--
-- Constraints for table `budgets`
--
ALTER TABLE `budgets`
  ADD CONSTRAINT `budgets_ibfk_1` FOREIGN KEY (`user_id`) REFERENCES `users` (`user_id`) ON DELETE CASCADE;

--
-- Constraints for table `expenses`
--
ALTER TABLE `expenses`
  ADD CONSTRAINT `expenses_ibfk_1` FOREIGN KEY (`user_id`) REFERENCES `users` (`user_id`) ON DELETE CASCADE,
  ADD CONSTRAINT `expenses_ibfk_2` FOREIGN KEY (`category_id`) REFERENCES `categories` (`category_id`);

--
-- Constraints for table `income`
--
ALTER TABLE `income`
  ADD CONSTRAINT `income_ibfk_1` FOREIGN KEY (`user_id`) REFERENCES `users` (`user_id`) ON DELETE CASCADE;
COMMIT;

/*!40101 SET CHARACTER_SET_CLIENT=@OLD_CHARACTER_SET_CLIENT */;
/*!40101 SET CHARACTER_SET_RESULTS=@OLD_CHARACTER_SET_RESULTS */;
/*!40101 SET COLLATION_CONNECTION=@OLD_COLLATION_CONNECTION */;
